Poraali (2011),/poraali-2011-tamil-movie/
Kutti Puli (2013),/kutti-puli-2013-tamil-movie/
Kadhalil Vizhunthen (2008),/kadhalil-vizhunthen-2008-tamil-movie/
Kandha Kottai (2009),/kandha-kottai-2009-tamil-movie/
Maasilamani (2009),/maasilamani-2009-tamil-movie/
Kadhalil Sodhappuvadhu Yeppadi (2012),/kadhalil-sodhappuvadhu-yeppadi-2012-tamil-movie/
Enakkul Oruvan (2015),/enakkul-oruvan-2015-tamil-movie/
Jigarthanda (2014),/jigarthanda-2014-tamil-movie/
Boys (2003),/boys-2003-tamil-movie/
Udhayam NH4 (2013),/udhayam-nh4-2013-tamil-movie/
Pirivom Santhipom (2008),/pirivom-santhipom-2008-tamil-movie/
Autograph (2004),/autograph-2004-tamil-movie/
Thoonga Nagaram (2011),/thoonga-nagaram-2011-tamil-movie/
Kalavani (2010),/kalavani-2010-tamil-movie/
Eththan (2011),/eththan-2011-tamil-movie/
Ishtam (2012),/ishtam-2012-tamil-movie/
Netru Indru (2014),/netru-indru-2014-tamil-movie/
Anjala (2015),/anjala-2015-tamil-movie/
Desingu Raja (2013),/desingu-raja-2013-tamil-movie/
Mapla Singam (2016),/mapla-singam-2016-tamil-movie/
Oru Oorla Rendu Raja (2014),/oru-oorla-rendu-raja-2014-tamil-movie/
Kedi Billa Killadi Ranga (2013),/kedi-billa-killadi-ranga-2013-tamil-movie/
Pulivaal (2014),/pulivaal-2014-tamil-movie/
Moondru Per Moondru Kadal (2013),/moondru-per-moondru-kadal-2013-tamil-movie/
Kalakalappu (2012),/kalakalappu-2012-tamil-movie/
Selva,/selva-tamil-movie/
Sendhoora Pandi,/sendhoora-pandi-tamil-movie/
Shajahan,/shajahan-tamil-movie/
Sivakaasi,/sivakaasi-tamil-movie/
Sukran,/sukran-tamil-movie/
Sura,/sura-tamil-movie/
Thalaivaa,/thalaivaa-tamil-movie/
Thamizhan,/thamizhan-tamil-movie/
Thirumalai,/thirumalai-tamil-movie/
Thirupaachi,/thirupaachi-tamil-movie/
Thulladha Manamum Thullum,/thulladha-manamum-thullum-tamil-movie/
Thuppakki,/thuppakki-tamil-movie/
Udhaya,/udhaya-tamil-movie/
Vaseegara,/vaseegara-tamil-movie/
Velayutham,/velayutham-tamil-movie/
Vettaikaran,/vettaikaran-tamil-movie/
Villu,/villu-tamil-movie/
Vishnu,/vishnu-tamil-movie/
Youth,/youth-tamil-movie/
Puli (2015),/puli-2015-tamil-movie/
Selva,/selva-tamil-movie/
Sendhoora Pandi,/sendhoora-pandi-tamil-movie/
Shajahan,/shajahan-tamil-movie/
Sivakaasi,/sivakaasi-tamil-movie/
Sukran,/sukran-tamil-movie/
Sura,/sura-tamil-movie/
Thalaivaa,/thalaivaa-tamil-movie/
Thamizhan,/thamizhan-tamil-movie/
Thirumalai,/thirumalai-tamil-movie/
Thirupaachi,/thirupaachi-tamil-movie/
Thulladha Manamum Thullum,/thulladha-manamum-thullum-tamil-movie/
Thuppakki,/thuppakki-tamil-movie/
Udhaya,/udhaya-tamil-movie/
Vaseegara,/vaseegara-tamil-movie/
Velayutham,/velayutham-tamil-movie/
Vettaikaran,/vettaikaran-tamil-movie/
Villu,/villu-tamil-movie/
Vishnu,/vishnu-tamil-movie/
Youth,/youth-tamil-movie/
Puli (2015),/puli-2015-tamil-movie/
Selva,/selva-tamil-movie/
Sendhoora Pandi,/sendhoora-pandi-tamil-movie/
Shajahan,/shajahan-tamil-movie/
Sivakaasi,/sivakaasi-tamil-movie/
Sukran,/sukran-tamil-movie/
Sura,/sura-tamil-movie/
Thalaivaa,/thalaivaa-tamil-movie/
Thamizhan,/thamizhan-tamil-movie/
Thirumalai,/thirumalai-tamil-movie/
Thirupaachi,/thirupaachi-tamil-movie/
Thulladha Manamum Thullum,/thulladha-manamum-thullum-tamil-movie/
Thuppakki,/thuppakki-tamil-movie/
Udhaya,/udhaya-tamil-movie/
Vaseegara,/vaseegara-tamil-movie/
Velayutham,/velayutham-tamil-movie/
Vettaikaran,/vettaikaran-tamil-movie/
Villu,/villu-tamil-movie/
Vishnu,/vishnu-tamil-movie/
Youth,/youth-tamil-movie/
Puli (2015),/puli-2015-tamil-movie/
Enga Ooru Kavalkaran,/enga-ooru-kavalkaran-tamil-movie/
Enga Ooru Pattukaran,/enga-ooru-pattukaran-tamil-movie/
Ennai Vittu Pogathe,/ennai-vittu-pogathe-tamil-movie/
Nenjamundu Nermaiundu,/nenjamundu-nermaiundu-tamil-movie/
Themmangu Pattukaran,/themmangu-pattukaran-tamil-movie/
Karagattakaran (1989),/karagattakaran-1989-tamil-movie/
Alai,/alai-tamil-movie/
Dum,/dum-tamil-movie/
Kaalai,/kaalai-tamil-movie/
Kovil,/kovil-tamil-movie/
Kuthu,/kuthu-tamil-movie/
Manmathan,/manmathan-tamil-movie/
Osthi,/osthi-tamil-movie/
Poda Podi,/poda-podi-tamil-movie/
Saravana,/saravana-tamil-movie/
Silambattam,/silambattam-tamil-movie/
Totti Jaya,/totti-jaya-tamil-movie/
Vaanam,/vaanam-tamil-movie/
Vinnaithaandi  Varuvaaya,/vinnaithaandi-varuvaaya-tamil-movie/
Thotti Jaya (2005),/thotti-jaya-tamil-movie-moviesda/
Vallavan,/vallavan-tamil-movie/
Kathal Azhivathilai,/kathal-azhivathilai-tamil-movie/
Onbathu Rupai Nottu,/onbathu-rupai-nottu-tamil-movie/
Periyar,/periyar-tamil-movie/
Pollachi Mappiley,/pollachi-mappiley-tamil-movie/
Pudhumanithan,/pudhumanithan-tamil-movie/
Puthiya Vaanam,/puthiya-vaanam-tamil-movie/
Ramachandra,/ramachandra-tamil-movie/
Rickshaw Mama,/rickshaw-mama-tamil-movie/
Sattapadi Kuttram,/sattapadi-kuttram-tamil-movie/
Sena,/sena-tamil-movie/
Sivappusamy,/sivappusamy-tamil-movie/
Sivasakthi,/sivasakthi-tamil-movie/
Suyam Varam,/suyam-varam-tamil-movie/
Thaimaaman,/thaimaaman-tamil-movie/
Thirumathi Palanisamy,/thirumathi-palanisamy-tamil-movie/
Ulagam Piranthathu Enakkaga,/ulagam-piranthathu-enakkaga-tamil-movie/
Vallal,/vallal-tamil-movie/
Vanakkam Thalaiva,/vanakkam-thalaiva-tamil-movie/
Vedham Pudhithu,/vedham-pudhithu-tamil-movie/
Vivaramaana Aalu,/vivaramaana-aalu-tamil-movie/
Walter Vetrivel,/walter-vetrivel-tamil-movie/
Onbathu Rupai Nottu,/onbathu-rupai-nottu-tamil-movie/
Periyar,/periyar-tamil-movie/
Pollachi Mappiley,/pollachi-mappiley-tamil-movie/
Pudhumanithan,/pudhumanithan-tamil-movie/
Puthiya Vaanam,/puthiya-vaanam-tamil-movie/
Ramachandra,/ramachandra-tamil-movie/
Rickshaw Mama,/rickshaw-mama-tamil-movie/
Sattapadi Kuttram,/sattapadi-kuttram-tamil-movie/
Sena,/sena-tamil-movie/
Sivappusamy,/sivappusamy-tamil-movie/
Sivasakthi,/sivasakthi-tamil-movie/
Suyam Varam,/suyam-varam-tamil-movie/
Thaimaaman,/thaimaaman-tamil-movie/
Thirumathi Palanisamy,/thirumathi-palanisamy-tamil-movie/
Ulagam Piranthathu Enakkaga,/ulagam-piranthathu-enakkaga-tamil-movie/
Vallal,/vallal-tamil-movie/
Vanakkam Thalaiva,/vanakkam-thalaiva-tamil-movie/
Vedham Pudhithu,/vedham-pudhithu-tamil-movie/
Vivaramaana Aalu,/vivaramaana-aalu-tamil-movie/
Walter Vetrivel,/walter-vetrivel-tamil-movie/
Onbathu Rupai Nottu,/onbathu-rupai-nottu-tamil-movie/
Periyar,/periyar-tamil-movie/
Pollachi Mappiley,/pollachi-mappiley-tamil-movie/
Pudhumanithan,/pudhumanithan-tamil-movie/
Puthiya Vaanam,/puthiya-vaanam-tamil-movie/
Ramachandra,/ramachandra-tamil-movie/
Rickshaw Mama,/rickshaw-mama-tamil-movie/
Sattapadi Kuttram,/sattapadi-kuttram-tamil-movie/
Sena,/sena-tamil-movie/
Sivappusamy,/sivappusamy-tamil-movie/
Sivasakthi,/sivasakthi-tamil-movie/
Suyam Varam,/suyam-varam-tamil-movie/
Thaimaaman,/thaimaaman-tamil-movie/
Thirumathi Palanisamy,/thirumathi-palanisamy-tamil-movie/
Ulagam Piranthathu Enakkaga,/ulagam-piranthathu-enakkaga-tamil-movie/
Vallal,/vallal-tamil-movie/
Vanakkam Thalaiva,/vanakkam-thalaiva-tamil-movie/
Vedham Pudhithu,/vedham-pudhithu-tamil-movie/
Vivaramaana Aalu,/vivaramaana-aalu-tamil-movie/
Walter Vetrivel,/walter-vetrivel-tamil-movie/
Azhagarsamiyin Kuthirai,/azhagarsamiyin-kuthirai-tamil-movie/
Maattrraan (2012),/maattrraan-tamil-movie-moviesda/
Mayaavi,/mayaavi-tamil-movie/
Nandha,/nandha-tamil-movie/
Nerukku Ner,/nerukku-ner-tamil-movie/
Perazhalagan,/perazhalagan-tamil-movie/
Periyanna,/periyanna-tamil-movie-moviesda/
Pithamagan,/pithamagan-tamil-movie-moviesda/
Poovellam,/poovellam-tamil-movie/
Ratha Charitram (2010),/ratha-charitram-tamil-movie-moviesda/
Sillendru Oru Kaathal,/sillendru-oru-kaathal-tamil-movie/
Singam (2010),/singam-tamil-movie-moviesda/
Singam 2,/singam-2-tamil-movie/
Sri,/sri-tamil-movie/
Unnai Ninaithu,/unnai-ninaithu-tamil-movie/
Uyirilae Kalanthathu,/uyirilae-kalanthathu-tamil-movie/
Vaaranam Aayiram (2008),/vaaranam-aayiram-tamil-movie-moviesda/
Aaru (2005),/aaru-tamil-movie-moviesda/
Aadhavan,/aadhavan-tamil-movie/
Mounam Pesiyathe,/mounam-pesiyathe-tamil-movie/
Vel (2007),/vel-tamil-movie-moviesda/
Maattrraan (2012),/maattrraan-tamil-movie-moviesda/
Mayaavi,/mayaavi-tamil-movie/
Nandha,/nandha-tamil-movie/
Nerukku Ner,/nerukku-ner-tamil-movie/
Perazhalagan,/perazhalagan-tamil-movie/
Periyanna,/periyanna-tamil-movie-moviesda/
Pithamagan,/pithamagan-tamil-movie-moviesda/
Poovellam,/poovellam-tamil-movie/
Ratha Charitram (2010),/ratha-charitram-tamil-movie-moviesda/
Sillendru Oru Kaathal,/sillendru-oru-kaathal-tamil-movie/
Singam (2010),/singam-tamil-movie-moviesda/
Singam 2,/singam-2-tamil-movie/
Sri,/sri-tamil-movie/
Unnai Ninaithu,/unnai-ninaithu-tamil-movie/
Uyirilae Kalanthathu,/uyirilae-kalanthathu-tamil-movie/
Vaaranam Aayiram (2008),/vaaranam-aayiram-tamil-movie-moviesda/
Aaru (2005),/aaru-tamil-movie-moviesda/
Aadhavan,/aadhavan-tamil-movie/
Mounam Pesiyathe,/mounam-pesiyathe-tamil-movie/
Vel (2007),/vel-tamil-movie-moviesda/
En Aasa Rasaave (1998),/en-aasa-rasaave-1998-tamil-movie/
Idhayam (1991,/idhayam-1991-tamil-movie/
Kaadhale Nimmadhi (1998),/kaadhale-nimmadhi-tamil-movie-moviesda/
Kaalamellam Kadhal Vaazhga (1997),/kaalamellam-kadhal-vaazhga-1997-tamil-movie/
Kamarasu (2002),/kamarasu-2002-tamil-movie/
Kanave Kalaiyathe (1999),/kanave-kalaiyathe-1999-tamil-movie/
Kathaludan (2004,/kathaludan-2004-tamil-movie/
Kurumpukaran (1991),/kurumpukaran-1991-tamil-movie/
Naangal Puthiyavargal (1988),/naangal-puthiyavargal-1988-tamil-movie/
Namma Ooru Poovatha (1990),/namma-ooru-poovatha-1990-tamil-movie/
Paalam (1990),/paalam-1990-tamil-movie/
Poomani (1996),/poomani-1996-tamil-movie/
Puthu Vasantham (1990),/puthu-vasantham-1990-tamil-movie/
Roja Malare (1997),/roja-malare-1997-tamil-movie/
Samudhram (2001),/samudhram-2001-tamil-movie/
Sundhara Travels (2002),/sundhara-travels-2002-tamil-movie/
Thanga Kili (1993),/thanga-kili-1993-tamil-movie/
Thulasi (1987),/thulasi-1987-tamil-movie/
Unnudan (1998),/unnudan-1998-tamil-movie/
Vetri Kodi Kattu (2000),/vetri-kodi-kattu-2000-tamil-movie/
En Aasa Rasaave (1998),/en-aasa-rasaave-1998-tamil-movie/
Idhayam (1991,/idhayam-1991-tamil-movie/
Kaadhale Nimmadhi (1998),/kaadhale-nimmadhi-tamil-movie-moviesda/
Kaalamellam Kadhal Vaazhga (1997),/kaalamellam-kadhal-vaazhga-1997-tamil-movie/
Kamarasu (2002),/kamarasu-2002-tamil-movie/
Kanave Kalaiyathe (1999),/kanave-kalaiyathe-1999-tamil-movie/
Kathaludan (2004,/kathaludan-2004-tamil-movie/
Kurumpukaran (1991),/kurumpukaran-1991-tamil-movie/
Naangal Puthiyavargal (1988),/naangal-puthiyavargal-1988-tamil-movie/
Namma Ooru Poovatha (1990),/namma-ooru-poovatha-1990-tamil-movie/
Paalam (1990),/paalam-1990-tamil-movie/
Poomani (1996),/poomani-1996-tamil-movie/
Puthu Vasantham (1990),/puthu-vasantham-1990-tamil-movie/
Roja Malare (1997),/roja-malare-1997-tamil-movie/
Samudhram (2001),/samudhram-2001-tamil-movie/
Sundhara Travels (2002),/sundhara-travels-2002-tamil-movie/
Thanga Kili (1993),/thanga-kili-1993-tamil-movie/
Thulasi (1987),/thulasi-1987-tamil-movie/
Unnudan (1998),/unnudan-1998-tamil-movie/
Vetri Kodi Kattu (2000),/vetri-kodi-kattu-2000-tamil-movie/
Idhaya Deepam,/idhaya-deepam-tamil-movie/
Kilinjalgal,/kilinjalgal-tamil-movie/
Kunguma Chimil,/kunguma-chimil-tamil-movie/
Kuva Kuva Vaathukal,/kuva-kuva-vaathukal-tamil-movie/
Lottry Ticket,/lottry-ticket-tamil-movie/
Manaivi Solle Manthiram,/manaivi-solle-manthiram-tamil-movie/
Mella Thiranthathu Kathavu,/mella-thiranthathu-kathavu-tamil-movie/
Mouna Ragam,/mouna-ragam-tamil-movie-moviesda/
Osai,/osai-tamil-movie/
Paadu Nilavae,/paadu-nilavae-tamil-movie/
Paasa Mazhai,/paasa-mazhai-tamil-movie/
Paasa Paravaigal,/paasa-paravaigal-tamil-movie/
Pillai Nila,/pillai-nila-tamil-movie/
Pookalai Pareekatheergal,/pookalai-pareekatheergal-tamil-movie/
Rettai Vaal Kuruvi,/rettai-vaal-kuruvi-tamil-movie/
Sahadevan Mahadevan,/sahadevan-mahadevan-tamil-movie/
Thendral Ennai Thodu,/thendral-ennai-thodu-tamil-movie/
Udhyageetham,/udhyageetham-tamil-movie/
Uyire Unakkaaga,/uyire-unakkaaga-tamil-movie/
Vidhi,/vidhi-tamil-movie/
Idhaya Deepam,/idhaya-deepam-tamil-movie/
Kilinjalgal,/kilinjalgal-tamil-movie/
Kunguma Chimil,/kunguma-chimil-tamil-movie/
Kuva Kuva Vaathukal,/kuva-kuva-vaathukal-tamil-movie/
Lottry Ticket,/lottry-ticket-tamil-movie/
Manaivi Solle Manthiram,/manaivi-solle-manthiram-tamil-movie/
Mella Thiranthathu Kathavu,/mella-thiranthathu-kathavu-tamil-movie/
Mouna Ragam,/mouna-ragam-tamil-movie-moviesda/
Osai,/osai-tamil-movie/
Paadu Nilavae,/paadu-nilavae-tamil-movie/
Paasa Mazhai,/paasa-mazhai-tamil-movie/
Paasa Paravaigal,/paasa-paravaigal-tamil-movie/
Pillai Nila,/pillai-nila-tamil-movie/
Pookalai Pareekatheergal,/pookalai-pareekatheergal-tamil-movie/
Rettai Vaal Kuruvi,/rettai-vaal-kuruvi-tamil-movie/
Sahadevan Mahadevan,/sahadevan-mahadevan-tamil-movie/
Thendral Ennai Thodu,/thendral-ennai-thodu-tamil-movie/
Udhyageetham,/udhyageetham-tamil-movie/
Uyire Unakkaaga,/uyire-unakkaaga-tamil-movie/
Vidhi,/vidhi-tamil-movie/
Moondravathu Kann,/moondravathu-kann-tamil-movie/
Moovendhar,/moovendhar-tamil-movie/
Naattammai,/naattammai-tamil-movie/
Namnadu,/namnadu-tamil-movie/
Narasimman,/narasimman-tamil-movie/
Natpukkaaga,/natpukkaaga-tamil-movie/
Nee Naan Nizhal,/nee-naan-nizhal-tamil-movie/
Nethaji,/nethaji-tamil-movie/
Oruvan,/oruvan-tamil-movie/
Paattaali,/paattaali-tamil-movie/
Pachaikili Muthucharam,/pachaikili-muthucharam-tamil-movie/
Palasi Raja,/palasi-raja-tamil-movie/
Samuthiram,/samuthiram-tamil-movie/
Simmaraasi,/simmaraasi-tamil-movie/
Surieyan,/surieyan-tamil-movie/
Thalaimagan,/thalaimagan-tamil-movie/
Thenkasi Pattanam,/thenkasi-pattanam-tamil-movie/
Vaitheeswaran,/vaitheeswaran-tamil-movie/
Vasanthakaala Paravai,/vasanthakaala-paravai-tamil-movie/
Vedan,/vedan-tamil-movie/
Moondravathu Kann,/moondravathu-kann-tamil-movie/
Moovendhar,/moovendhar-tamil-movie/
Naattammai,/naattammai-tamil-movie/
Namnadu,/namnadu-tamil-movie/
Narasimman,/narasimman-tamil-movie/
Natpukkaaga,/natpukkaaga-tamil-movie/
Nee Naan Nizhal,/nee-naan-nizhal-tamil-movie/
Nethaji,/nethaji-tamil-movie/
Oruvan,/oruvan-tamil-movie/
Paattaali,/paattaali-tamil-movie/
Pachaikili Muthucharam,/pachaikili-muthucharam-tamil-movie/
Palasi Raja,/palasi-raja-tamil-movie/
Samuthiram,/samuthiram-tamil-movie/
Simmaraasi,/simmaraasi-tamil-movie/
Surieyan,/surieyan-tamil-movie/
Thalaimagan,/thalaimagan-tamil-movie/
Thenkasi Pattanam,/thenkasi-pattanam-tamil-movie/
Vaitheeswaran,/vaitheeswaran-tamil-movie/
Vasanthakaala Paravai,/vasanthakaala-paravai-tamil-movie/
Vedan,/vedan-tamil-movie/
Chinna Veedu (1985),/chinna-veedu-1985-tamil-movie/
Darling Darling Darling (1982),/darling-darling-darling-1982-tamil-movie/
Dhavani Kanavugal (1984),/dhavani-kanavugal-1984-tamil-movie/
Enga Chinna Rasa (1987),/enga-chinna-rasa-1987-tamil-movie/
Idhu Namma Aalu (1988),/idhu-namma-aalu-1988-tamil-movie/
Indru Poi Naalai Vaa (1981),/indru-poi-naalai-vaa-1981-tamil-movie/
Kanni Paruvathile (1979),/kanni-paruvathile-1979-tamil-movie/
Mouna Geethangal (1981),/mouna-geethangal-1981-tamil-movie/
Mundhanai Mudichu (1983),/mundhanai-mudichu-1983-tamil-movie/
Oru Kai Oosai (1980),/oru-kai-oosai-1980-tamil-movie/
Pavunnu Pavunuthan (1991),/pavunnu-pavunuthan-1991-tamil-movie/
Poi Saatchi (1982),/poi-saatchi-1982-tamil-movie/
Puthiya Vaarpugal (1979),/puthiya-vaarpugal-1979-tamil-movie/
Rudhra (1991),/rudhra-1991-tamil-movie/
Sundara Kandam (1992),/sundara-kandam-1992-tamil-movie/
Suvarilladha Chiththirangal (1979),/suvarilladha-chiththirangal-1979-tamil-movie/
Thooral Ninnu Pochu (1982),/thooral-ninnu-pochu-1982-tamil-movie/
Vaettiya Madichu Kattu (1998),/vaettiya-madichu-kattu-1998-tamil-movie/
Veetla Visheshanga (1994),/veetla-visheshanga-1994-tamil-movie/
Vidiyum Varai Kathiru (1981),/vidiyum-varai-kathiru-1981-tamil-movie/
Chinna Veedu (1985),/chinna-veedu-1985-tamil-movie/
Darling Darling Darling (1982),/darling-darling-darling-1982-tamil-movie/
Dhavani Kanavugal (1984),/dhavani-kanavugal-1984-tamil-movie/
Enga Chinna Rasa (1987),/enga-chinna-rasa-1987-tamil-movie/
Idhu Namma Aalu (1988),/idhu-namma-aalu-1988-tamil-movie/
Indru Poi Naalai Vaa (1981),/indru-poi-naalai-vaa-1981-tamil-movie/
Kanni Paruvathile (1979),/kanni-paruvathile-1979-tamil-movie/
Mouna Geethangal (1981),/mouna-geethangal-1981-tamil-movie/
Mundhanai Mudichu (1983),/mundhanai-mudichu-1983-tamil-movie/
Oru Kai Oosai (1980),/oru-kai-oosai-1980-tamil-movie/
Pavunnu Pavunuthan (1991),/pavunnu-pavunuthan-1991-tamil-movie/
Poi Saatchi (1982),/poi-saatchi-1982-tamil-movie/
Puthiya Vaarpugal (1979),/puthiya-vaarpugal-1979-tamil-movie/
Rudhra (1991),/rudhra-1991-tamil-movie/
Sundara Kandam (1992),/sundara-kandam-1992-tamil-movie/
Suvarilladha Chiththirangal (1979),/suvarilladha-chiththirangal-1979-tamil-movie/
Thooral Ninnu Pochu (1982),/thooral-ninnu-pochu-1982-tamil-movie/
Vaettiya Madichu Kattu (1998),/vaettiya-madichu-kattu-1998-tamil-movie/
Veetla Visheshanga (1994),/veetla-visheshanga-1994-tamil-movie/
Vidiyum Varai Kathiru (1981),/vidiyum-varai-kathiru-1981-tamil-movie/
Nadododi Mannan,/nadododi-mannan-tamil-movie/
Nalla Neram,/nalla-neram-tamil-movie/
Neethikku Thalai Vanangu,/neethikku-thalai-vanangu-tamil-movie/
Ninaithathai Mudippavan,/ninaithathai-mudippavan-tamil-movie/
Padakotti,/padakotti-tamil-movie/
Pallandu Vazhga,/pallandu-vazhga-tamil-movie/
Panakkaara Kudumbam,/panakkaara-kudumbam-tamil-movie/
Panam Padaiththavan,/panam-padaiththavan-tamil-movie/
Pattikattu Ponnaiya,/pattikattu-ponnaiya-tamil-movie/
Ragasiya Police,/ragasiya-police-tamil-movie/
Raman Thedia Seethai,/raman-thedia-seethai-tamil-movie/
Rickshawkkaran,/rickshawkkaran-tamil-movie/
Sirithu Vazha Vendum,/sirithu-vazha-vendum-tamil-movie/
Thalaivan,/thalaivan-tamil-movie/
Thedi Vandha Mappillai,/thedi-vandha-mappillai-tamil-movie/
Thozilali,/thozilali-tamil-movie/
Ulagamsutrumvaaliban,/ulagamsutrumvaaliban-tamil-movie/
Urimai Kural,/urimai-kural-tamil-movie/
Vettaikkaaran,/vettaikkaaran-tamil-movie/
Vivasayee,/vivasayee-tamil-movie/
Nadododi Mannan,/nadododi-mannan-tamil-movie/
Nalla Neram,/nalla-neram-tamil-movie/
Neethikku Thalai Vanangu,/neethikku-thalai-vanangu-tamil-movie/
Ninaithathai Mudippavan,/ninaithathai-mudippavan-tamil-movie/
Padakotti,/padakotti-tamil-movie/
Pallandu Vazhga,/pallandu-vazhga-tamil-movie/
Panakkaara Kudumbam,/panakkaara-kudumbam-tamil-movie/
Panam Padaiththavan,/panam-padaiththavan-tamil-movie/
Pattikattu Ponnaiya,/pattikattu-ponnaiya-tamil-movie/
Ragasiya Police,/ragasiya-police-tamil-movie/
Raman Thedia Seethai,/raman-thedia-seethai-tamil-movie/
Rickshawkkaran,/rickshawkkaran-tamil-movie/
Sirithu Vazha Vendum,/sirithu-vazha-vendum-tamil-movie/
Thalaivan,/thalaivan-tamil-movie/
Thedi Vandha Mappillai,/thedi-vandha-mappillai-tamil-movie/
Thozilali,/thozilali-tamil-movie/
Ulagamsutrumvaaliban,/ulagamsutrumvaaliban-tamil-movie/
Urimai Kural,/urimai-kural-tamil-movie/
Vettaikkaaran,/vettaikkaaran-tamil-movie/
Vivasayee,/vivasayee-tamil-movie/
Nadododi Mannan,/nadododi-mannan-tamil-movie/
Nalla Neram,/nalla-neram-tamil-movie/
Neethikku Thalai Vanangu,/neethikku-thalai-vanangu-tamil-movie/
Ninaithathai Mudippavan,/ninaithathai-mudippavan-tamil-movie/
Padakotti,/padakotti-tamil-movie/
Pallandu Vazhga,/pallandu-vazhga-tamil-movie/
Panakkaara Kudumbam,/panakkaara-kudumbam-tamil-movie/
Panam Padaiththavan,/panam-padaiththavan-tamil-movie/
Pattikattu Ponnaiya,/pattikattu-ponnaiya-tamil-movie/
Ragasiya Police,/ragasiya-police-tamil-movie/
Raman Thedia Seethai,/raman-thedia-seethai-tamil-movie/
Rickshawkkaran,/rickshawkkaran-tamil-movie/
Sirithu Vazha Vendum,/sirithu-vazha-vendum-tamil-movie/
Thalaivan,/thalaivan-tamil-movie/
Thedi Vandha Mappillai,/thedi-vandha-mappillai-tamil-movie/
Thozilali,/thozilali-tamil-movie/
Ulagamsutrumvaaliban,/ulagamsutrumvaaliban-tamil-movie/
Urimai Kural,/urimai-kural-tamil-movie/
Vettaikkaaran,/vettaikkaaran-tamil-movie/
Vivasayee,/vivasayee-tamil-movie/
Avan Ivan,/avan-ivan-tamil-movie-moviesda/
Malaikottai,/malaikottai-tamil-movie/
Pandiya Nadu,/pandiya-nadu-tamil-movie/
Pattathu Yaanai,/pattathu-yaanai-tamil-movie/
Poojai,/poojai-tamil-movie/
Samar,/samar-tamil-movie/
Sandakozhi,/sandakozhi-tamil-movie/
Sathyam,/sathyam-tamil-movie/
Thamirabharani,/thamirabharani-tamil-movie/
Theeradha Vilaiyattu Pillai,/theeradha-vilaiyattu-pillai-tamil-movie/
Thimuru,/thimuru-tamil-movie/
Thoranai,/thoranai-tamil-movie/
Vedi (2011),/vedi-2011-tamil-movie/
Chellame,/chellame-tamil-movie/
Naan Sigappu Manithan (2014),/naan-sigappu-manithan-2014-tamil-movie/
Perarasu,/perarasu-tamil-movie/
Periya Maruthu,/periya-maruthu-tamil-movie/
Periyanna,/periyanna-tamil-movie/
Pulan Visaranai,/pulan-visaranai-tamil-movie/
Raajjeyam,/raajjeyam-tamil-movie/
Rajadhurai (1993),/rajadhurai-1993-tamil-movie/
Ramana,/ramana-tamil-movie/
Sakkarai Devan,/sakkarai-devan-tamil-movie/
Senthoora Paandi,/senthoora-paandi-tamil-movie/
Sethupathi I P S,/sethupathi-i-p-s-tamil-movie/
Simmasanam,/simmasanam-tamil-movie/
Sudesi,/sudesi-tamil-movie/
Thavasi,/thavasi-tamil-movie/
Ulavuthurai,/ulavuthurai-tamil-movie/
Vaanathaipola,/vaanathaipola-tamil-movie-moviesda/
Vaidhegi Kaathirunthaal,/vaidhegi-kaathirunthaal-tamil-movie/
Vallarasu,/vallarasu-tamil-movie/
Vanchinathan,/vanchinathan-tamil-movie/
Viruthagiri,/viruthagiri-tamil-movie/
Ramana (2002),/ramana-2002-tamil-movie/
Perarasu,/perarasu-tamil-movie/
Periya Maruthu,/periya-maruthu-tamil-movie/
Periyanna,/periyanna-tamil-movie/
Pulan Visaranai,/pulan-visaranai-tamil-movie/
Raajjeyam,/raajjeyam-tamil-movie/
Rajadhurai (1993),/rajadhurai-1993-tamil-movie/
Ramana,/ramana-tamil-movie/
Sakkarai Devan,/sakkarai-devan-tamil-movie/
Senthoora Paandi,/senthoora-paandi-tamil-movie/
Sethupathi I P S,/sethupathi-i-p-s-tamil-movie/
Simmasanam,/simmasanam-tamil-movie/
Sudesi,/sudesi-tamil-movie/
Thavasi,/thavasi-tamil-movie/
Ulavuthurai,/ulavuthurai-tamil-movie/
Vaanathaipola,/vaanathaipola-tamil-movie-moviesda/
Vaidhegi Kaathirunthaal,/vaidhegi-kaathirunthaal-tamil-movie/
Vallarasu,/vallarasu-tamil-movie/
Vanchinathan,/vanchinathan-tamil-movie/
Viruthagiri,/viruthagiri-tamil-movie/
Ramana (2002),/ramana-2002-tamil-movie/
Perarasu,/perarasu-tamil-movie/
Periya Maruthu,/periya-maruthu-tamil-movie/
Periyanna,/periyanna-tamil-movie/
Pulan Visaranai,/pulan-visaranai-tamil-movie/
Raajjeyam,/raajjeyam-tamil-movie/
Rajadhurai (1993),/rajadhurai-1993-tamil-movie/
Ramana,/ramana-tamil-movie/
Sakkarai Devan,/sakkarai-devan-tamil-movie/
Senthoora Paandi,/senthoora-paandi-tamil-movie/
Sethupathi I P S,/sethupathi-i-p-s-tamil-movie/
Simmasanam,/simmasanam-tamil-movie/
Sudesi,/sudesi-tamil-movie/
Thavasi,/thavasi-tamil-movie/
Ulavuthurai,/ulavuthurai-tamil-movie/
Vaanathaipola,/vaanathaipola-tamil-movie-moviesda/
Vaidhegi Kaathirunthaal,/vaidhegi-kaathirunthaal-tamil-movie/
Vallarasu,/vallarasu-tamil-movie/
Vanchinathan,/vanchinathan-tamil-movie/
Viruthagiri,/viruthagiri-tamil-movie/
Ramana (2002),/ramana-2002-tamil-movie/
Ethir Neechal (2013),/ethir-neechal-2013-tamil-movie/
Maan Karate (2014),/maan-karate-2014-tamil-movie/
Marina (2012),/marina-2012-tamil-movie/
Varuthapadatha Valibar Sangam (2013),/varuthapadatha-valibar-sangam-2013-tamil-movie/
Kaaki Sattai (2015),/kaaki-sattai-2015-tamil-movie/
Manam Kothi Paravai (2012),/manam-kothi-paravai-2012-tamil-movie/
Kannethirethondrinal,/kannethirethondrinal-tamil-movie/
Kathal Kavithai,/kathal-kavithai-tamil-movie/
Krishna,/krishna-tamil-movie/
London,/london-tamil-movie/
Majunu,/majunu-tamil-movie/
Mambattiyan,/mambattiyan-tamil-movie/
Parthen Rasithen,/parthen-rasithen-tamil-movie/
Ponnar Shankar,/ponnar-shankar-tamil-movie/
Poomagal Oorvalam,/poomagal-oorvalam-tamil-movie/
Rippiriyaatha Varam Vaendum,/rippiriyaatha-varam-vaendum-tamil-movie/
Shock,/shock-tamil-movie/
Star,/star-tamil-movie/
Thagappansamy,/thagappansamy-tamil-movie/
Thamizh,/thamizh-tamil-movie/
Thiruda Thiruda,/thiruda-thiruda-tamil-movie/
Vaigasi Poranthasu,/vaigasi-poranthasu-tamil-movie/
Vanna Vanna Pookkal,/vanna-vanna-pookkal-tamil-movie/
Virumpukiren,/virumpukiren-tamil-movie/
Winner,/winner-tamil-movie/
Aasaiyil Oru Kaditham (1999),/aasaiyil-oru-kaditham-1999-tamil-movie/
Kannethirethondrinal,/kannethirethondrinal-tamil-movie/
Kathal Kavithai,/kathal-kavithai-tamil-movie/
Krishna,/krishna-tamil-movie/
London,/london-tamil-movie/
Majunu,/majunu-tamil-movie/
Mambattiyan,/mambattiyan-tamil-movie/
Parthen Rasithen,/parthen-rasithen-tamil-movie/
Ponnar Shankar,/ponnar-shankar-tamil-movie/
Poomagal Oorvalam,/poomagal-oorvalam-tamil-movie/
Rippiriyaatha Varam Vaendum,/rippiriyaatha-varam-vaendum-tamil-movie/
Shock,/shock-tamil-movie/
Star,/star-tamil-movie/
Thagappansamy,/thagappansamy-tamil-movie/
Thamizh,/thamizh-tamil-movie/
Thiruda Thiruda,/thiruda-thiruda-tamil-movie/
Vaigasi Poranthasu,/vaigasi-poranthasu-tamil-movie/
Vanna Vanna Pookkal,/vanna-vanna-pookkal-tamil-movie/
Virumpukiren,/virumpukiren-tamil-movie/
Winner,/winner-tamil-movie/
Aasaiyil Oru Kaditham (1999),/aasaiyil-oru-kaditham-1999-tamil-movie/
Kizhakku Karai,/kizhakku-karai-tamil-movie/
Kozhi Koovuthu,/kozhi-koovuthu-tamil-movie/
Mappillai Goundar,/mappillai-goundar-tamil-movie/
Maravan,/maravan-tamil-movie/
Miruthanga Chakravarthi,/miruthanga-chakravarthi-tamil-movie/
Mr Madras,/mr-madras-tamil-movie/
My Dear Marathandan,/my-dear-marathandan-tamil-movie/
Neethipathi,/neethipathi-tamil-movie/
Ninaivu Chinnam,/ninaivu-chinnam-tamil-movie/
Pasumponn,/pasumponn-tamil-movie/
Poo Poova Poothiruku,/poo-poova-poothiruku-tamil-movie/
Raja Kaiya Vacha,/raja-kaiya-vacha-tamil-movie/
Raja Veetu Kannukutty,/raja-veetu-kannukutty-tamil-movie/
Senthamizh Paattu,/senthamizh-paattu-tamil-movie/
Sirai Chalai,/sirai-chalai-tamil-movie/
Soorakkottai Singakutty,/soorakkottai-singakutty-tamil-movie/
Thalattu Kekkuthamma,/thalattu-kekkuthamma-tamil-movie/
Thedinen Vanthathu,/thedinen-vanthathu-tamil-movie/
Vellai Roja,/vellai-roja-tamil-movie/
En Uyir Neethane (1998),/en-uyir-neethane-1998-tamil-movie/
Kizhakku Karai,/kizhakku-karai-tamil-movie/
Kozhi Koovuthu,/kozhi-koovuthu-tamil-movie/
Mappillai Goundar,/mappillai-goundar-tamil-movie/
Maravan,/maravan-tamil-movie/
Miruthanga Chakravarthi,/miruthanga-chakravarthi-tamil-movie/
Mr Madras,/mr-madras-tamil-movie/
My Dear Marathandan,/my-dear-marathandan-tamil-movie/
Neethipathi,/neethipathi-tamil-movie/
Ninaivu Chinnam,/ninaivu-chinnam-tamil-movie/
Pasumponn,/pasumponn-tamil-movie/
Poo Poova Poothiruku,/poo-poova-poothiruku-tamil-movie/
Raja Kaiya Vacha,/raja-kaiya-vacha-tamil-movie/
Raja Veetu Kannukutty,/raja-veetu-kannukutty-tamil-movie/
Senthamizh Paattu,/senthamizh-paattu-tamil-movie/
Sirai Chalai,/sirai-chalai-tamil-movie/
Soorakkottai Singakutty,/soorakkottai-singakutty-tamil-movie/
Thalattu Kekkuthamma,/thalattu-kekkuthamma-tamil-movie/
Thedinen Vanthathu,/thedinen-vanthathu-tamil-movie/
Vellai Roja,/vellai-roja-tamil-movie/
En Uyir Neethane (1998),/en-uyir-neethane-1998-tamil-movie/
123,/123-tamil-movie/
Alauddin,/alauddin-tamil-movie/
Alli_Thantha_Vaanam,/alli-thantha-vaanam-tamil-movie/
Any Body Can Dance,/any-body-can-dance-tamil-movie/
Charli Chaplin,/charli-chaplin-tamil-movie-moviesda/
Eazhaiyin Sirippil,/eazhaiyin-sirippil-tamil-movie/
Kadhalakadhala,/kadhalakadhala-tamil-movie/
Kadhalan,/kadhalan-tamil-movie/
Latchiyam,/latchiyam-tamil-movie/
Love Birds,/love-birds-tamil-movie/
Manadhai Thirudi Vitaai,/manadhai-thirudi-vitaai-tamil-movie/
Minsara Kanavu,/minsara-kanavu-tamil-movie/
Mr Romeo,/mr-romeo-tamil-movie/
Naam Iruvar Namaku Iruvar,/naam-iruvar-namaku-iruvar-tamil-movie/
Ninaivirukkum Varai,/ninaivirukkum-varai-tamil-movie/
Rasaiya,/rasaiya-tamil-movie/
Vaanathaipola,/vaanathaipola-tamil-movie/
Vip,/vip-tamil-movie/
Ammuvagiya Naan,/ammuvagiya-naan-tamil-movie/
Azhagi,/azhagi-tamil-movie/
Bharathy Kanamma,/bharathy-kanamma-tamil-movie/
Ivan,/ivan-tamil-movie/
Kaakkai Siraginile,/kaakkai-siraginile-tamil-movie/
Kadhal Kirukkan,/kadhal-kirukkan-tamil-movie/
Kanadi Pookal,/kanadi-pookal-tamil-movie/
Kudaikkul Mazhai,/kudaikkul-mazhai-tamil-movie/
Kundakka Mandakka,/kundakka-mandakka-tamil-movie/
Nee Varuvai Ena,/nee-varuvai-ena-tamil-movie/
Pacha Kuthirai,/pacha-kuthirai-tamil-movie/
Pudhumai Pithan,/pudhumai-pithan-tamil-movie/
Puthiya Paadhai,/puthiya-paadhai-tamil-movie/
Rajakumaran,/rajakumaran-tamil-movie/
Swarnamuki,/swarnamuki-tamil-movie/
Tata Birla,/tata-birla-tamil-movie/
Thendral,/thendral-tamil-movie/
Unnaruge Naan Irundhal,/unnaruge-naan-irundhal-tamil-movie/
Vallamai Thaarayo,/vallamai-thaarayo-tamil-movie/
Vetri Kodi Kattu,/vetri-kodi-kattu-tamil-movie/
Sattam (1980),/sattam-1980-tamil-movie/
Savaal (1981),/savaal-1981-tamil-movie/
Simla Special,/simla-special-tamil-movie/
Sippikkul Muthu (1986),/sippikkul-muthu-1986-tamil-movie/
Thoongaathe Thambi Thoongaathe,/thoongaathe-thambi-thoongaathe-tamil-movie/
Tik Tik Tik,/tik-tik-tik-tamil-movie/
Ullaasa Paravaigal (1980),/ullaasa-paravaigal-1980-tamil-movie/
Unnal Mudiyum Thambi,/unnal-mudiyum-thambi-tamil-movie/
Uruvangal Maralam (1983),/uruvangal-maralam-1983-tamil-movie/
Uyarndha Ullam,/uyarndha-ullam-tamil-movie/
Vaazhve Maayam,/vaazhve-maayam-tamil-movie/
Varumaiyin Niram Sigappu,/varumaiyin-niram-sigappu-tamil-movie/
Vetrivizha,/vetrivizha-tamil-movie/
Vikram,/vikram-tamil-movie/
Vishwaroopam,/vishwaroopam-tamil-movie/
Guna,/guna-tamil-movie/
Heyram,/heyram-tamil-movie/
Indian,/indian-tamil-movie/
Panchathantiram,/panchathantiram-tamil-movie/
Avvai Shanmughi (1996),/avvai-shanmughi-1996-tamil-movie/
Sattam (1980),/sattam-1980-tamil-movie/
Savaal (1981),/savaal-1981-tamil-movie/
Simla Special,/simla-special-tamil-movie/
Sippikkul Muthu (1986),/sippikkul-muthu-1986-tamil-movie/
Thoongaathe Thambi Thoongaathe,/thoongaathe-thambi-thoongaathe-tamil-movie/
Tik Tik Tik,/tik-tik-tik-tamil-movie/
Ullaasa Paravaigal (1980),/ullaasa-paravaigal-1980-tamil-movie/
Unnal Mudiyum Thambi,/unnal-mudiyum-thambi-tamil-movie/
Uruvangal Maralam (1983),/uruvangal-maralam-1983-tamil-movie/
Uyarndha Ullam,/uyarndha-ullam-tamil-movie/
Vaazhve Maayam,/vaazhve-maayam-tamil-movie/
Varumaiyin Niram Sigappu,/varumaiyin-niram-sigappu-tamil-movie/
Vetrivizha,/vetrivizha-tamil-movie/
Vikram,/vikram-tamil-movie/
Vishwaroopam,/vishwaroopam-tamil-movie/
Guna,/guna-tamil-movie/
Heyram,/heyram-tamil-movie/
Indian,/indian-tamil-movie/
Panchathantiram,/panchathantiram-tamil-movie/
Avvai Shanmughi (1996),/avvai-shanmughi-1996-tamil-movie/
Sattam (1980),/sattam-1980-tamil-movie/
Savaal (1981),/savaal-1981-tamil-movie/
Simla Special,/simla-special-tamil-movie/
Sippikkul Muthu (1986),/sippikkul-muthu-1986-tamil-movie/
Thoongaathe Thambi Thoongaathe,/thoongaathe-thambi-thoongaathe-tamil-movie/
Tik Tik Tik,/tik-tik-tik-tamil-movie/
Ullaasa Paravaigal (1980),/ullaasa-paravaigal-1980-tamil-movie/
Unnal Mudiyum Thambi,/unnal-mudiyum-thambi-tamil-movie/
Uruvangal Maralam (1983),/uruvangal-maralam-1983-tamil-movie/
Uyarndha Ullam,/uyarndha-ullam-tamil-movie/
Vaazhve Maayam,/vaazhve-maayam-tamil-movie/
Varumaiyin Niram Sigappu,/varumaiyin-niram-sigappu-tamil-movie/
Vetrivizha,/vetrivizha-tamil-movie/
Vikram,/vikram-tamil-movie/
Vishwaroopam,/vishwaroopam-tamil-movie/
Guna,/guna-tamil-movie/
Heyram,/heyram-tamil-movie/
Indian,/indian-tamil-movie/
Panchathantiram,/panchathantiram-tamil-movie/
Avvai Shanmughi (1996),/avvai-shanmughi-1996-tamil-movie/
Sattam (1980),/sattam-1980-tamil-movie/
Savaal (1981),/savaal-1981-tamil-movie/
Simla Special,/simla-special-tamil-movie/
Sippikkul Muthu (1986),/sippikkul-muthu-1986-tamil-movie/
Thoongaathe Thambi Thoongaathe,/thoongaathe-thambi-thoongaathe-tamil-movie/
Tik Tik Tik,/tik-tik-tik-tamil-movie/
Ullaasa Paravaigal (1980),/ullaasa-paravaigal-1980-tamil-movie/
Unnal Mudiyum Thambi,/unnal-mudiyum-thambi-tamil-movie/
Uruvangal Maralam (1983),/uruvangal-maralam-1983-tamil-movie/
Uyarndha Ullam,/uyarndha-ullam-tamil-movie/
Vaazhve Maayam,/vaazhve-maayam-tamil-movie/
Varumaiyin Niram Sigappu,/varumaiyin-niram-sigappu-tamil-movie/
Vetrivizha,/vetrivizha-tamil-movie/
Vikram,/vikram-tamil-movie/
Vishwaroopam,/vishwaroopam-tamil-movie/
Guna,/guna-tamil-movie/
Heyram,/heyram-tamil-movie/
Indian,/indian-tamil-movie/
Panchathantiram,/panchathantiram-tamil-movie/
Avvai Shanmughi (1996),/avvai-shanmughi-1996-tamil-movie/
Marudhamalai,/marudhamalai-tamil-movie/
Moondru Per Moondru Kadhal,/moondru-per-moondru-kadhal-tamil-movie/
Mudhalvan,/mudhalvan-tamil-movie/
Ottran,/ottran-tamil-movie/
Parasuram,/parasuram-tamil-movie/
Rythm,/rythm-tamil-movie/
Sadhu (1994),/sadhu-1994-tamil-movie/
Sengottai,/sengottai-tamil-movie/
Sevagan,/sevagan-tamil-movie/
Shankar Guru,/shankar-guru-tamil-movie/
Surya Paarvai,/surya-paarvai-tamil-movie/
Thaayin Manikodi,/thaayin-manikodi-tamil-movie/
Thiruvannamalai,/thiruvannamalai-tamil-movie/
Vaanavil,/vaanavil-tamil-movie/
Vaathiyar,/vaathiyar-tamil-movie/
Vallakottai,/vallakottai-tamil-movie/
Vanayutham,/vanayutham-tamil-movie/
Vanthy Matharam,/vanthy-matharam-tamil-movie/
Vedham,/vedham-tamil-movie/
Yaar (1985),/yaar-1985-tamil-movie/
Marudhamalai,/marudhamalai-tamil-movie/
Moondru Per Moondru Kadhal,/moondru-per-moondru-kadhal-tamil-movie/
Mudhalvan,/mudhalvan-tamil-movie/
Ottran,/ottran-tamil-movie/
Parasuram,/parasuram-tamil-movie/
Rythm,/rythm-tamil-movie/
Sadhu (1994),/sadhu-1994-tamil-movie/
Sengottai,/sengottai-tamil-movie/
Sevagan,/sevagan-tamil-movie/
Shankar Guru,/shankar-guru-tamil-movie/
Surya Paarvai,/surya-paarvai-tamil-movie/
Thaayin Manikodi,/thaayin-manikodi-tamil-movie/
Thiruvannamalai,/thiruvannamalai-tamil-movie/
Vaanavil,/vaanavil-tamil-movie/
Vaathiyar,/vaathiyar-tamil-movie/
Vallakottai,/vallakottai-tamil-movie/
Vanayutham,/vanayutham-tamil-movie/
Vanthy Matharam,/vanthy-matharam-tamil-movie/
Vedham,/vedham-tamil-movie/
Yaar (1985),/yaar-1985-tamil-movie/
Marudhamalai,/marudhamalai-tamil-movie/
Moondru Per Moondru Kadhal,/moondru-per-moondru-kadhal-tamil-movie/
Mudhalvan,/mudhalvan-tamil-movie/
Ottran,/ottran-tamil-movie/
Parasuram,/parasuram-tamil-movie/
Rythm,/rythm-tamil-movie/
Sadhu (1994),/sadhu-1994-tamil-movie/
Sengottai,/sengottai-tamil-movie/
Sevagan,/sevagan-tamil-movie/
Shankar Guru,/shankar-guru-tamil-movie/
Surya Paarvai,/surya-paarvai-tamil-movie/
Thaayin Manikodi,/thaayin-manikodi-tamil-movie/
Thiruvannamalai,/thiruvannamalai-tamil-movie/
Vaanavil,/vaanavil-tamil-movie/
Vaathiyar,/vaathiyar-tamil-movie/
Vallakottai,/vallakottai-tamil-movie/
Vanayutham,/vanayutham-tamil-movie/
Vanthy Matharam,/vanthy-matharam-tamil-movie/
Vedham,/vedham-tamil-movie/
Yaar (1985),/yaar-1985-tamil-movie/
Thanikatturajah,/thanikatturajah-tamil-movie/
Thee,/thee-tamil-movie/
Thillu Mullu,/thillu-mullu-tamil-movie/
Thudikkum Karangal,/thudikkum-karangal-tamil-movie/
Un Kannil Neer Vazhinthal,/un-kannil-neer-vazhinthal-tamil-movie/
Uzhaippali,/uzhaippali-tamil-movie/
Valli,/valli-tamil-movie/
Vanakkatukuriya Kathaliye (1978),/vanakkatukuriya-kathaliye-tamil-movie-moviesda/
Veera,/veera-tamil-movie/
Vellaikkaran,/vellaikkaran-tamil-movie/
Viduthalai,/viduthalai-tamil-movie/
Yajaman,/yajaman-tamil-movie/
Kuselan,/kuselan-tamil-movie/
Chandramukhi,/chandramukhi-tamil-movie/
Sivaji,/sivaji-tamil-movie/
Muthu,/muthu-tamil-movie/
Pandiyan (1992),/pandiyan-1992-tamil-movie/
Padayappa,/padayappa-tamil-movie/
Baba,/baba-tamil-movie/
Endhiran,/endhiran-tamil-movie/
Thanikatturajah,/thanikatturajah-tamil-movie/
Thee,/thee-tamil-movie/
Thillu Mullu,/thillu-mullu-tamil-movie/
Thudikkum Karangal,/thudikkum-karangal-tamil-movie/
Un Kannil Neer Vazhinthal,/un-kannil-neer-vazhinthal-tamil-movie/
Uzhaippali,/uzhaippali-tamil-movie/
Valli,/valli-tamil-movie/
Vanakkatukuriya Kathaliye (1978),/vanakkatukuriya-kathaliye-tamil-movie-moviesda/
Veera,/veera-tamil-movie/
Vellaikkaran,/vellaikkaran-tamil-movie/
Viduthalai,/viduthalai-tamil-movie/
Yajaman,/yajaman-tamil-movie/
Kuselan,/kuselan-tamil-movie/
Chandramukhi,/chandramukhi-tamil-movie/
Sivaji,/sivaji-tamil-movie/
Muthu,/muthu-tamil-movie/
Pandiyan (1992),/pandiyan-1992-tamil-movie/
Padayappa,/padayappa-tamil-movie/
Baba,/baba-tamil-movie/
Endhiran,/endhiran-tamil-movie/
Thanikatturajah,/thanikatturajah-tamil-movie/
Thee,/thee-tamil-movie/
Thillu Mullu,/thillu-mullu-tamil-movie/
Thudikkum Karangal,/thudikkum-karangal-tamil-movie/
Un Kannil Neer Vazhinthal,/un-kannil-neer-vazhinthal-tamil-movie/
Uzhaippali,/uzhaippali-tamil-movie/
Valli,/valli-tamil-movie/
Vanakkatukuriya Kathaliye (1978),/vanakkatukuriya-kathaliye-tamil-movie-moviesda/
Veera,/veera-tamil-movie/
Vellaikkaran,/vellaikkaran-tamil-movie/
Viduthalai,/viduthalai-tamil-movie/
Yajaman,/yajaman-tamil-movie/
Kuselan,/kuselan-tamil-movie/
Chandramukhi,/chandramukhi-tamil-movie/
Sivaji,/sivaji-tamil-movie/
Muthu,/muthu-tamil-movie/
Pandiyan (1992),/pandiyan-1992-tamil-movie/
Padayappa,/padayappa-tamil-movie/
Baba,/baba-tamil-movie/
Endhiran,/endhiran-tamil-movie/
Thanikatturajah,/thanikatturajah-tamil-movie/
Thee,/thee-tamil-movie/
Thillu Mullu,/thillu-mullu-tamil-movie/
Thudikkum Karangal,/thudikkum-karangal-tamil-movie/
Un Kannil Neer Vazhinthal,/un-kannil-neer-vazhinthal-tamil-movie/
Uzhaippali,/uzhaippali-tamil-movie/
Valli,/valli-tamil-movie/
Vanakkatukuriya Kathaliye (1978),/vanakkatukuriya-kathaliye-tamil-movie-moviesda/
Veera,/veera-tamil-movie/
Vellaikkaran,/vellaikkaran-tamil-movie/
Viduthalai,/viduthalai-tamil-movie/
Yajaman,/yajaman-tamil-movie/
Kuselan,/kuselan-tamil-movie/
Chandramukhi,/chandramukhi-tamil-movie/
Sivaji,/sivaji-tamil-movie/
Muthu,/muthu-tamil-movie/
Pandiyan (1992),/pandiyan-1992-tamil-movie/
Padayappa,/padayappa-tamil-movie/
Baba,/baba-tamil-movie/
Endhiran,/endhiran-tamil-movie/
Thanikatturajah,/thanikatturajah-tamil-movie/
Thee,/thee-tamil-movie/
Thillu Mullu,/thillu-mullu-tamil-movie/
Thudikkum Karangal,/thudikkum-karangal-tamil-movie/
Un Kannil Neer Vazhinthal,/un-kannil-neer-vazhinthal-tamil-movie/
Uzhaippali,/uzhaippali-tamil-movie/
Valli,/valli-tamil-movie/
Vanakkatukuriya Kathaliye (1978),/vanakkatukuriya-kathaliye-tamil-movie-moviesda/
Veera,/veera-tamil-movie/
Vellaikkaran,/vellaikkaran-tamil-movie/
Viduthalai,/viduthalai-tamil-movie/
Yajaman,/yajaman-tamil-movie/
Kuselan,/kuselan-tamil-movie/
Chandramukhi,/chandramukhi-tamil-movie/
Sivaji,/sivaji-tamil-movie/
Muthu,/muthu-tamil-movie/
Pandiyan (1992),/pandiyan-1992-tamil-movie/
Padayappa,/padayappa-tamil-movie/
Baba,/baba-tamil-movie/
Endhiran,/endhiran-tamil-movie/
Guru Enn Aalu,/guru-enn-aalu-tamil-movie/
Jay Jay,/jay-jay-tamil-movie/
Kettavarellam Padalam,/kettavarellam-padalam-tamil-movie/
Manmadhan Ambu,/manmadhan-ambu-moviesda/
Minnale,/minnale-tamil-movie/
Paarthale Paravasam,/paarthale-paravasam-tamil-movie/
Priyasaki,/priyasaki-tamil-movie/
Rendu,/rendu-tamil-movie/
Thambi,/thambi-tamil-movie/
Vazhthuga,/vazhthuga-tamil-movie/
Vettai,/vettai-tamil-movie/
Yaavarumnalam,/yaavarumnalam-tamil-movie/
Anbe Sivam,/anbe-sivam-tamil-movie-moviesda-page/
Kannathil Muthamittal,/kannathil-muthamittal-tamil-movie/
Run,/run-tamil-movie/
Nala Damayanthi,/nala-damayanthi-tamil-movie/
Alaipayuthey,/alaipayuthey-tamil-movie/
Dumm Dumm Dumm,/dumm-dumm-dumm-tamil-movie/
Priyamana Thozhi,/priyamana-thozhi-tamil-movie/
Priyasakhi,/priyasakhi-tamil-movie/
Guru Enn Aalu,/guru-enn-aalu-tamil-movie/
Jay Jay,/jay-jay-tamil-movie/
Kettavarellam Padalam,/kettavarellam-padalam-tamil-movie/
Manmadhan Ambu,/manmadhan-ambu-moviesda/
Minnale,/minnale-tamil-movie/
Paarthale Paravasam,/paarthale-paravasam-tamil-movie/
Priyasaki,/priyasaki-tamil-movie/
Rendu,/rendu-tamil-movie/
Thambi,/thambi-tamil-movie/
Vazhthuga,/vazhthuga-tamil-movie/
Vettai,/vettai-tamil-movie/
Yaavarumnalam,/yaavarumnalam-tamil-movie/
Anbe Sivam,/anbe-sivam-tamil-movie-moviesda-page/
Kannathil Muthamittal,/kannathil-muthamittal-tamil-movie/
Run,/run-tamil-movie/
Nala Damayanthi,/nala-damayanthi-tamil-movie/
Alaipayuthey,/alaipayuthey-tamil-movie/
Dumm Dumm Dumm,/dumm-dumm-dumm-tamil-movie/
Priyamana Thozhi,/priyamana-thozhi-tamil-movie/
Priyasakhi,/priyasakhi-tamil-movie/
Arul,/arul-tamil-movie/
Deiva Thirumagal,/deiva-thirumagal-tamil-movie/
Dhill,/dhill-tamil-movie/
Dhool,/dhool-tamil-movie/
En Kadhal Kanmani,/en-kadhal-kanmani-tamil-movie/
Gemini,/gemini-tamil-movie/
Kaasi,/kaasi-tamil-movie/
Kanthaswamy,/kanthaswamy-tamil-movie/
Kathdal Sadu Kudu,/kathdal-sadu-kudu-tamil-movie/
King,/king-tamil-movie/
Meera,/meera-tamil-movie/
Pudhiya Mannargal,/pudhiya-mannargal-tamil-movie/
Rajapattai,/rajapattai-tamil-movie/
Samurai,/samurai-tamil-movie/
Sethu,/sethu-tamil-movie/
Thaandavam,/thaandavam-tamil-movie/
Ullasam,/ullasam-tamil-movie/
Pithamagan,/pithamagan-tamil-movie/
Raavanan,/raavanan-tamil-movie/
Saamy,/saamy-tamil-movie/
Arul,/arul-tamil-movie/
Deiva Thirumagal,/deiva-thirumagal-tamil-movie/
Dhill,/dhill-tamil-movie/
Dhool,/dhool-tamil-movie/
En Kadhal Kanmani,/en-kadhal-kanmani-tamil-movie/
Gemini,/gemini-tamil-movie/
Kaasi,/kaasi-tamil-movie/
Kanthaswamy,/kanthaswamy-tamil-movie/
Kathdal Sadu Kudu,/kathdal-sadu-kudu-tamil-movie/
King,/king-tamil-movie/
Meera,/meera-tamil-movie/
Pudhiya Mannargal,/pudhiya-mannargal-tamil-movie/
Rajapattai,/rajapattai-tamil-movie/
Samurai,/samurai-tamil-movie/
Sethu,/sethu-tamil-movie/
Thaandavam,/thaandavam-tamil-movie/
Ullasam,/ullasam-tamil-movie/
Pithamagan,/pithamagan-tamil-movie/
Raavanan,/raavanan-tamil-movie/
Saamy,/saamy-tamil-movie/
Aasai Aasaiyai,/aasai-aasaiyai-tamil-movie/
David (2013),/david-2013-tamil-movie/
Dishyum,/dishyum-tamil-movie/
E (2006),/e-2006-tamil-movie/
Endrendrum Punnagai,/endrendrum-punnagai-tamil-movie/
KO (2011),/ko-2011-tamil-movie/
Kacheri Arambam,/kacheri-arambam-tamil-movie/
Pori,/pori-tamil-movie/
Raam,/raam-tamil-movie/
Rameshwaram,/rameshwaram-tamil-movie/
Singam Puli( 2011),/singam-puli-2011-tamil-movie/
Thenavattu,/thenavattu-tamil-movie/
Thithikuthe,/thithikuthe-tamil-movie/
Yaan (2014),/yaan-2014-tamil-movie/
Katrathu Thamizh,/katrathu-thamizh-tamil-movie/
Neethane En Pon Vasantham,/neethane-en-pon-vasantham-tamil-movie/
Siva Manasula Sakthi,/siva-manasula-sakthi-tamil-movie/
Rowthiram (2011),/rowthiram-2011-tamil-movie/
Mugamoodi (2012),/mugamoodi-2012-tamil-movie/
Vandhaan Vendraan (2011),/vandhaan-vendraan-2011-tamil-movie/
Maryaan,/maryaan-tamil-movie/
Mayakkam Enna,/mayakkam-enna-tamil-movie/
Naiyaandi,/naiyaandi-tamil-movie/
Padikkathavan,/padikkathavan-tamil-movie/
Parattai Engira Azhagu Sundaram,/parattai-engira-azhagu-sundaram-tamil-movie/
Pollaadhavan,/pollaadhavan-tamil-movie/
Pudhukottaiyilirundhu Saravanan,/pudhukottaiyilirundhu-saravanan-tamil-movie/
Seedan,/seedan-tamil-movie/
Sullan,/sullan-tamil-movie/
Thiruda Thirudi,/thiruda-thirudi-tamil-movie/
Uthama Puthiran,/uthama-puthiran-tamil-movie/
Vengai,/vengai-tamil-movie/
Kadhal Konden (2003),/kadhal-konden-tamil-movie-moviesda/
Moonu (3) (2012),/moonu-3-2012-tamil-movie/
Velaiilla Pattadhari (2014),/velaiilla-pattadhari-2014-tamil-movie/
Pudhupettai (2006),/pudhupettai-2006-tamil-movie/
Yaaradi Nee Mohini (2008),/yaaradi-nee-mohini-tamil-movie-moviesda/
Thiruvilaiyaadal Aarambam (2006),/thiruvilaiyaadal-aarambam-tamil-movie-moviesda/
Thulluvadho Ilamai (2002),/thulluvadho-ilamai-tamil-movie-moviesda/
Dreams (2004),/dreams-tamil-movie-moviesda/
Maryaan,/maryaan-tamil-movie/
Mayakkam Enna,/mayakkam-enna-tamil-movie/
Naiyaandi,/naiyaandi-tamil-movie/
Padikkathavan,/padikkathavan-tamil-movie/
Parattai Engira Azhagu Sundaram,/parattai-engira-azhagu-sundaram-tamil-movie/
Pollaadhavan,/pollaadhavan-tamil-movie/
Pudhukottaiyilirundhu Saravanan,/pudhukottaiyilirundhu-saravanan-tamil-movie/
Seedan,/seedan-tamil-movie/
Sullan,/sullan-tamil-movie/
Thiruda Thirudi,/thiruda-thirudi-tamil-movie/
Uthama Puthiran,/uthama-puthiran-tamil-movie/
Vengai,/vengai-tamil-movie/
Kadhal Konden (2003),/kadhal-konden-tamil-movie-moviesda/
Moonu (3) (2012),/moonu-3-2012-tamil-movie/
Velaiilla Pattadhari (2014),/velaiilla-pattadhari-2014-tamil-movie/
Pudhupettai (2006),/pudhupettai-2006-tamil-movie/
Yaaradi Nee Mohini (2008),/yaaradi-nee-mohini-tamil-movie-moviesda/
Thiruvilaiyaadal Aarambam (2006),/thiruvilaiyaadal-aarambam-tamil-movie-moviesda/
Thulluvadho Ilamai (2002),/thulluvadho-ilamai-tamil-movie-moviesda/
Dreams (2004),/dreams-tamil-movie-moviesda/
Cuckoo (2014),/cuckoo-2014-tamil-movie/
Idharkuthane Aasaipattai Balakumara,/idharkuthane-aasaipattai-balakumara-tamil-movie/
Naduvula Konjam Pakkatha Kaanom,/naduvula-konjam-pakkatha-kaanom-tamil-movie/
Pannaiyarum Padminiyum,/pannaiyarum-padminiyum-tamil-movie/
Pizza,/pizza-tamil-movie/
Rummy,/rummy-tamil-movie/
Thenmerku Paruvakatru,/thenmerku-paruvakatru-tamil-movie/
Vanmam,/vanmam-tamil-movie/
Soodhu Kavvum,/soodhu-kavvum-tamil-movie/
Arinthum Ariyamalum,/arinthum-ariyamalum-tamil-movie/
Avan Ivan,/avan-ivan-tamil-movie/
Boss Engira Baaskaran,/boss-engira-baaskaran-tamil-movie/
Chikku Bukku,/chikku-bukku-tamil-movie/
Irandaam Ulagam,/irandaam-ulagam-tamil-movie/
Kalapak Kadhalan,/kalapak-kadhalan-tamil-movie/
Oram Po,/oram-po-tamil-movie/
Oru Kaluriyin Kadhai,/oru-kaluriyin-kadhai-tamil-movie/
Pattiyal,/pattiyal-tamil-movie/
Settai,/settai-tamil-movie/
Ullam Ketkumae,/ullam-ketkumae-tamil-movie/
Urumi,/urumi-tamil-movie/
Vattaram,/vattaram-tamil-movie/
Vettai,/vettai-tamil-movie-moviesda-page/
Naan Kadavul,/naan-kadavul-tamil-movie/
Raja Rani,/raja-rani-tamil-movie/
Madrasapattinam,/madrasapattinam-tamil-movie/
Sarvam,/sarvam-tamil-movie/
Boss Engira Baskaran (2010),/boss-engira-baskaran-2010-tamil-movie/
Aadhi Bhagavan,/aadhi-bhagavan-tamil-movie/
Dass,/dass-tamil-movie/
Dhamm Dhoom,/dhamm-dhoom-tamil-movie/
Idhaya Thirudan,/idhaya-thirudan-tamil-movie/
Jayam,/jayam-tamil-movie/
Nimirndhu Nil,/nimirndhu-nil-tamil-movie/
Something Unakkum Enakkum,/something-unakkum-enakkum-tamil-movie/
Thillalangadi,/thillalangadi-tamil-movie/
Peranmai,/peranmai-tamil-movie/
Santhosh Subramaniam,/santhosh-subramaniam-tamil-movie/
Engeyum Kadhal,/engeyum-kadhal-tamil-movie/
Deepavali,/deepavali-tamil-movie/
M Kumaran Son Of Mahalakshmi,/m-kumaran-son-of-mahalakshmi-tamil-movie/
Mazhai,/mazhai-tamil-movie/
Unnai Thedi,/unnai-thedi-tamil-movie/
Aval Varuvala,/aval-varuvala-tamil-movie/
Kathal Kottai,/kathal-kottai-tamil-movie/
Aasai,/aasai-tamil-movie/
Anantha Poongatre,/anantha-poongatre-tamil-movie/
Kadhal Mannan,/kadhal-mannan-tamil-movie/
Red,/red-tamil-movie/
Anjaneya,/anjaneya-tamil-movie/
Citizen,/citizen-tamil-movie/
Villain,/villain-tamil-movie/
Mugavari (2000),/mugavari-2000-tamil-movie/
Mankatha (2011),/mankatha-tamil-movie-moviesda/
Kalloori Vaasal (1996),/kalloori-vaasal-tamil-movie-moviesda/
Kandukondain Kandukondain (2000),/kandukondain-kandukondain-tamil-movie-moviesda/
Thirupathi (2006),/thirupathi-tamil-movie-moviesda/
Vaali (1999),/vaali-tamil-movie-moviesda/
Varalaru (2006),/varalaru-tamil-movie-moviesda/
Veeram (2014),/veeram-tamil-movie-moviesda/
Billa (2007),/billa-tamil-movie-moviesda/
Raja,/raja-tamil-movie/
Unnai Thedi,/unnai-thedi-tamil-movie/
Aval Varuvala,/aval-varuvala-tamil-movie/
Kathal Kottai,/kathal-kottai-tamil-movie/
Aasai,/aasai-tamil-movie/
Anantha Poongatre,/anantha-poongatre-tamil-movie/
Kadhal Mannan,/kadhal-mannan-tamil-movie/
Red,/red-tamil-movie/
Anjaneya,/anjaneya-tamil-movie/
Citizen,/citizen-tamil-movie/
Villain,/villain-tamil-movie/
Mugavari (2000),/mugavari-2000-tamil-movie/
Mankatha (2011),/mankatha-tamil-movie-moviesda/
Kalloori Vaasal (1996),/kalloori-vaasal-tamil-movie-moviesda/
Kandukondain Kandukondain (2000),/kandukondain-kandukondain-tamil-movie-moviesda/
Thirupathi (2006),/thirupathi-tamil-movie-moviesda/
Vaali (1999),/vaali-tamil-movie-moviesda/
Varalaru (2006),/varalaru-tamil-movie-moviesda/
Veeram (2014),/veeram-tamil-movie-moviesda/
Billa (2007),/billa-tamil-movie-moviesda/
Raja,/raja-tamil-movie/
Unnai Thedi,/unnai-thedi-tamil-movie/
Aval Varuvala,/aval-varuvala-tamil-movie/
Kathal Kottai,/kathal-kottai-tamil-movie/
Aasai,/aasai-tamil-movie/
Anantha Poongatre,/anantha-poongatre-tamil-movie/
Kadhal Mannan,/kadhal-mannan-tamil-movie/
Red,/red-tamil-movie/
Anjaneya,/anjaneya-tamil-movie/
Citizen,/citizen-tamil-movie/
Villain,/villain-tamil-movie/
Mugavari (2000),/mugavari-2000-tamil-movie/
Mankatha (2011),/mankatha-tamil-movie-moviesda/
Kalloori Vaasal (1996),/kalloori-vaasal-tamil-movie-moviesda/
Kandukondain Kandukondain (2000),/kandukondain-kandukondain-tamil-movie-moviesda/
Thirupathi (2006),/thirupathi-tamil-movie-moviesda/
Vaali (1999),/vaali-tamil-movie-moviesda/
Varalaru (2006),/varalaru-tamil-movie-moviesda/
Veeram (2014),/veeram-tamil-movie-moviesda/
Billa (2007),/billa-tamil-movie-moviesda/
Raja,/raja-tamil-movie/
Ninaivellam Nithya,/ninaivellam-nithya-tamil-movie/
Paadum Paravaigal (1994),/paadum-paravaigal-1994-tamil-movie/
Pistha,/pistha-tamil-movie/
Poovarasan,/poovarasan-tamil-movie/
Pooveli,/pooveli-tamil-movie/
Pounnumani,/pounnumani-tamil-movie/
Rajathanthiram (1984),/rajathanthiram-1984-tamil-movie/
Rettai Kuzhal Thuppakki (1989),/rettai-kuzhal-thuppakki-1989-tamil-movie/
Rojavanam,/rojavanam-tamil-movie/
Sandhithavelai,/sandhithavelai-tamil-movie/
Simittum Neram (1988),/simittum-neram-1988-tamil-movie/
Suyam Varam (1999),/suyam-varam-1999-tamil-movie/
Thamarai (1990),/thamarai-1990-tamil-movie/
Udhavikku Varalama,/udhavikku-varalama-tamil-movie/
Ullathai Allitha,/ullathai-allitha-tamil-movie/
Unakka Ellam Unakka,/unakka-ellam-unakka-tamil-movie/
Unnai Solli Kutramillai (1990),/unnai-solli-kutramillai-1990-tamil-movie/
Urimai Geetham (1988),/urimai-geetham-1988-tamil-movie/
Vanakkam Vathiyare (1980),/vanakkam-vathiyare-1980-tamil-movie/
Vannag Kanavugal (1987),/vannag-kanavugal-1987-tamil-movie/
Ninaivellam Nithya,/ninaivellam-nithya-tamil-movie/
Paadum Paravaigal (1994),/paadum-paravaigal-1994-tamil-movie/
Pistha,/pistha-tamil-movie/
Poovarasan,/poovarasan-tamil-movie/
Pooveli,/pooveli-tamil-movie/
Pounnumani,/pounnumani-tamil-movie/
Rajathanthiram (1984),/rajathanthiram-1984-tamil-movie/
Rettai Kuzhal Thuppakki (1989),/rettai-kuzhal-thuppakki-1989-tamil-movie/
Rojavanam,/rojavanam-tamil-movie/
Sandhithavelai,/sandhithavelai-tamil-movie/
Simittum Neram (1988),/simittum-neram-1988-tamil-movie/
Suyam Varam (1999),/suyam-varam-1999-tamil-movie/
Thamarai (1990),/thamarai-1990-tamil-movie/
Udhavikku Varalama,/udhavikku-varalama-tamil-movie/
Ullathai Allitha,/ullathai-allitha-tamil-movie/
Unakka Ellam Unakka,/unakka-ellam-unakka-tamil-movie/
Unnai Solli Kutramillai (1990),/unnai-solli-kutramillai-1990-tamil-movie/
Urimai Geetham (1988),/urimai-geetham-1988-tamil-movie/
Vanakkam Vathiyare (1980),/vanakkam-vathiyare-1980-tamil-movie/
Vannag Kanavugal (1987),/vannag-kanavugal-1987-tamil-movie/
Ninaivellam Nithya,/ninaivellam-nithya-tamil-movie/
Paadum Paravaigal (1994),/paadum-paravaigal-1994-tamil-movie/
Pistha,/pistha-tamil-movie/
Poovarasan,/poovarasan-tamil-movie/
Pooveli,/pooveli-tamil-movie/
Pounnumani,/pounnumani-tamil-movie/
Rajathanthiram (1984),/rajathanthiram-1984-tamil-movie/
Rettai Kuzhal Thuppakki (1989),/rettai-kuzhal-thuppakki-1989-tamil-movie/
Rojavanam,/rojavanam-tamil-movie/
Sandhithavelai,/sandhithavelai-tamil-movie/
Simittum Neram (1988),/simittum-neram-1988-tamil-movie/
Suyam Varam (1999),/suyam-varam-1999-tamil-movie/
Thamarai (1990),/thamarai-1990-tamil-movie/
Udhavikku Varalama,/udhavikku-varalama-tamil-movie/
Ullathai Allitha,/ullathai-allitha-tamil-movie/
Unakka Ellam Unakka,/unakka-ellam-unakka-tamil-movie/
Unnai Solli Kutramillai (1990),/unnai-solli-kutramillai-1990-tamil-movie/
Urimai Geetham (1988),/urimai-geetham-1988-tamil-movie/
Vanakkam Vathiyare (1980),/vanakkam-vathiyare-1980-tamil-movie/
Vannag Kanavugal (1987),/vannag-kanavugal-1987-tamil-movie/
Aranmanai Kili,/aranmanai-kili-tamil-movie/
Aayirathil Oruvan,/aayirathil-oruvan-tamil-movie/
Alex Pandian,/alex-pandian-tamil-movie/
All In All Azhagu Raja,/all-in-all-azhagu-raja-tamil-movie/
Biriyani,/biriyani-tamil-movie/
Paiyaa,/paiyaa-tamil-movie/
Saguni,/saguni-tamil-movie/
Siruthai,/siruthai-tamil-movie/
Komban,/komban-tamil-movie/
Madras,/madras-tamil-movie/
Naan Mahaan Alla,/naan-mahaan-alla-tamil-movie-moviesda/
Paruthiveeran,/paruthiveeran-tamil-movie/
Pasa Malar,/pasa-malar-tamil-movie/
Pattikada Pattanama,/pattikada-pattanama-tamil-movie/
Rishimoolam,/rishimoolam-tamil-movie/
Sabash Meena (1958),/sabash-meena-1958-tamil-movie/
Saraswathi Sabatham,/saraswathi-sabatham-tamil-movie/
Sivantha Mann,/sivantha-mann-tamil-movie/
Sumathi En Sundari (1971),/sumathi-en-sundari-1971-tamil-movie/
Thangamali Ragasiyam,/thangamali-ragasiyam-tamil-movie/
Thangapathakam,/thangapathakam-tamil-movie/
Thillaanamohanambal,/thillaanamohanambal-tamil-movie/
Thiruvarutselvar,/thiruvarutselvar-tamil-movie/
Thyagam,/thyagam-tamil-movie/
Uthama Puthiran,/uthama-puthiran-tamil-movie-moviesda/
Uyarntha Manithan,/uyarntha-manithan-tamil-movie/
Vaira Nenjam,/vaira-nenjam-tamil-movie/
Vasantha Maaligai,/vasantha-maaligai-tamil-movie/
Veerapandiya Kattabomman,/veerapandiya-kattabomman-tamil-movie/
Vellai Roja,/vellai-roja-tamil-movie-moviesda/
Karnan,/karnan-tamil-movie/
Thiruvilayadal,/thiruvilayadal-tamil-movie/
Pasa Malar,/pasa-malar-tamil-movie/
Pattikada Pattanama,/pattikada-pattanama-tamil-movie/
Rishimoolam,/rishimoolam-tamil-movie/
Sabash Meena (1958),/sabash-meena-1958-tamil-movie/
Saraswathi Sabatham,/saraswathi-sabatham-tamil-movie/
Sivantha Mann,/sivantha-mann-tamil-movie/
Sumathi En Sundari (1971),/sumathi-en-sundari-1971-tamil-movie/
Thangamali Ragasiyam,/thangamali-ragasiyam-tamil-movie/
Thangapathakam,/thangapathakam-tamil-movie/
Thillaanamohanambal,/thillaanamohanambal-tamil-movie/
Thiruvarutselvar,/thiruvarutselvar-tamil-movie/
Thyagam,/thyagam-tamil-movie/
Uthama Puthiran,/uthama-puthiran-tamil-movie-moviesda/
Uyarntha Manithan,/uyarntha-manithan-tamil-movie/
Vaira Nenjam,/vaira-nenjam-tamil-movie/
Vasantha Maaligai,/vasantha-maaligai-tamil-movie/
Veerapandiya Kattabomman,/veerapandiya-kattabomman-tamil-movie/
Vellai Roja,/vellai-roja-tamil-movie-moviesda/
Karnan,/karnan-tamil-movie/
Thiruvilayadal,/thiruvilayadal-tamil-movie/
Pasa Malar,/pasa-malar-tamil-movie/
Pattikada Pattanama,/pattikada-pattanama-tamil-movie/
Rishimoolam,/rishimoolam-tamil-movie/
Sabash Meena (1958),/sabash-meena-1958-tamil-movie/
Saraswathi Sabatham,/saraswathi-sabatham-tamil-movie/
Sivantha Mann,/sivantha-mann-tamil-movie/
Sumathi En Sundari (1971),/sumathi-en-sundari-1971-tamil-movie/
Thangamali Ragasiyam,/thangamali-ragasiyam-tamil-movie/
Thangapathakam,/thangapathakam-tamil-movie/
Thillaanamohanambal,/thillaanamohanambal-tamil-movie/
Thiruvarutselvar,/thiruvarutselvar-tamil-movie/
Thyagam,/thyagam-tamil-movie/
Uthama Puthiran,/uthama-puthiran-tamil-movie-moviesda/
Uyarntha Manithan,/uyarntha-manithan-tamil-movie/
Vaira Nenjam,/vaira-nenjam-tamil-movie/
Vasantha Maaligai,/vasantha-maaligai-tamil-movie/
Veerapandiya Kattabomman,/veerapandiya-kattabomman-tamil-movie/
Vellai Roja,/vellai-roja-tamil-movie-moviesda/
Karnan,/karnan-tamil-movie/
Thiruvilayadal,/thiruvilayadal-tamil-movie/
Kadhalar Dhinam (1999),/kadhalar-dhinam-1999-tamil-movie/
