Shahjahan (2001),/shahjahan-2001-movie/
Chennai 600028 (2007),/chennai-600028-2007-movie/
Billa 2 (2012),/billa-2-2012-movie/
Biriyani (2013),/biriyani-2013-movie/
Alex Pandian (2014),/alex-pandian-2014-movie/
Ayan (2009),/ayan-2009-movie/
Aarohanam (2012),/aarohanam-2012-movie/
Aambala (2015),/aambala-2015-movie/
Vettaikaaran (2009),/vettaikaaran-2009-movie/
Enthiran (2015),/enthiran-2015-movie/
Rajapattai (2011),/rajapattai-2011-movie/
Veeram (2014),/veeram-2014-movie/
Saguni (2012),/saguni-2012-movie/
Azhagiya Tamizh Magan (2007),/azhagiya-tamizh-magan-2007-movie/
Dheena (2001),/dheena-2001-movie/
Maryan (2013),/maryan-2013-movie/
Aval Varuvala (1998),/aval-varuvala-1998-movie/
Mayakkam Enna (2011),/mayakkam-enna-2011-movie/
Venghai (2011),/venghai-2011-movie/
Attagasam (2004),/attagasam-2004-movie/
Kaththi (2014),/kaththi-2014-movie/
Aasal (2010),/aasal-2010-movie/
Run Baby Run (2012),/run-baby-run-2012-movie/
J.C Daniel (2013),/j-c-daniel-2013-movie/
Arputham (2002),/arputham-2002-movie/
Sri Rama Rajyam (2011),/sri-rama-rajyam-2011-movie/
Bhakta Prahlada (1967),/bhakta-prahlada-1967-movie/
Maharani Kottai (2014),/maharani-kottai-2014-movie/
Sri Valli (1945),/sri-valli-1945-movie/
Veera Thirumagan (1962),/veera-thirumagan-1962-movie/
Eppodhum Vendran (2014),/eppodhum-vendran-2014-movie/
Eera Veyil (2014),/eera-veyil-2014-movie/
Vadacurry (2014),/vadacurry-2014-movie/
Vallavanukku Pullum Aayudham HD (2014),/vallavanukku-pullum-aayudham-hd-2014-movie/
Chirutha (2007),/chirutha-2007-movie/
Vanavarayan Vallavarayan (2014),/vanavarayan-vallavarayan-2014-movie/
Jeeva (2014),/jeeva-2014-movie/
Oram Po (2007),/oram-po-2007-movie/
Sathuranga Vettai (2014),/sathuranga-vettai-2014-movie/
Chennai 28 (2007),/chennai-28-2007-movie/
Thiruttu Payale (2006),/thiruttu-payale-2006-movie/
Mundaasupatti (2014),/mundaasupatti-2014-movie/
Poriyaalan (2014),/poriyaalan-2014-movie/
Business Man (2012),/business-man-2012-movie/
Satham Podathey (2007),/satham-podathey-2007-movie/
Kadhal Solla Aasai (2014),/kadhal-solla-aasai-2014-movie/
Saivam (2014),/saivam-2014-movie/
Pongadi Neengalum Unga Kaadhalum (2014),/pongadi-neengalum-unga-kaadhalum-2014-movie/
Virattu (2014),/virattu-2014-movie/
Guru (2007),/guru-2007-movie/
Goli Soda (2014),/goli-soda-2014-movie/
Aadu Puli (2011),/aadu-puli-2011-movie/
Boys (2003),/boys-2003-movie/
Muniyandi Vilangiyal Moonramandu (2008),/muniyandi-vilangiyal-moonramandu-2008-movie/
Emtan Magan (2006),/emtan-magan-2006-movie/
Muppozhudhum Un Karpanaigal (2012),/muppozhudhum-un-karpanaigal-2012-movie/
Roja Kootam (2002),/roja-kootam-2002-movie/
Kayal (2014),/kayal-2014-movie/
Kochadaiiyaan (2014),/kochadaiiyaan-2014-movie/
Ninaithale Inikkum (2009),/ninaithale-inikkum-tamil-movie-moviesda/
Thavamai Thavamiruntu (2005),/thavamai-thavamiruntu-2005-movie/
Vennila Kabadi Kuzhu (2009),/vennila-kabadi-kuzhu-2009-movie/
Vellore Maavattam (2011),/vellore-maavattam-2011-movie/
Viyabari (2007),/viyabari-2007-movie/
Pasanga (2009),/pasanga-2009-movie/
Imsai Arasan 23am Pulikesi (2006),/imsai-arasan-23am-pulikesi-2006-movie/
Naadodigal (2009),/naadodigal-2009-movie/
Ullam Ketkumae (2005),/ullam-ketkumae-2005-movie/
Anjathe (2008),/anjathe-2008-movie/
Sivi (Horror) (2007),/sivi-horror-2007-movie/
Thalai Nagaram (2006),/thalai-nagaram-2006-movie/
Azagiya Theeye (2004),/azagiya-theeye-2004-movie/
Yennamo Yedho (2014),/yennamo-yedho-2014-movie/
English Vinglish (2012),/english-vinglish-2012-movie/
Charlie Chaplin (2002),/charlie-chaplin-2002-movie/
Kanda Naal Mudhal (2005),/kanda-naal-mudhal-2005-movie/
Ainthaam Padai (2009),/ainthaam-padai-2009-movie/
Inidhu Inidhu (2010),/inidhu-inidhu-2010-movie/
Easan (2010),/easan-2010-movie/
Snegithiye (2000),/snegithiye-2000-movie/
Ennaku 20 Unakku 18 (2003),/ennaku-20-unakku-18-2003-movie/
Kangalal Kaidhu Sei (2004),/kangalal-kaidhu-sei-2004-movie/
8am Number Veedu (2011),/8am-number-veedu-2011-movie/
Naan Avanillai (2007),/naan-avanillai-2007-movie/
Theeya Velai Seiyyanum Kumaru (2013),/theeya-velai-seiyyanum-kumaru-2013-movie/
Raattinam (2012),/raattinam-2012-movie/
Thadayara Thakka (2012),/thadayara-thakka-tamil-movie-moviesda/
Madurai Sambavam (2009),/madurai-sambavam-2009-movie/
Three Roses (2003),/three-roses-2003-movie/
Konji Pesalaam (2003),/konji-pesalaam-2003-movie/
Whistle (2003),/whistle-2003-movie/
Naan Avanillai 2 (2009),/naan-avanillai-2-2009-movie/
April Mathathil (2002),/april-mathathil-2002-movie/
Laysa Laysa (Lesa Lesa) (2003),/laysa-laysa-lesa-lesa-2003-movie/
Anbe Anbe (2003),/anbe-anbe-2003-movie/
Ivan Veramaathiri (2013),/ivan-veramaathiri-2013-movie/
Thirumannam Ennum Nikkah (2014),/thirumannam-ennum-nikkah-2014-movie/
Vanakkam Chennai (2013),/vanakkam-chennai-2013-movie/
Marupadiyam (1993),/marupadiyam-1993-movie/
Sollamale (1998),/sollamale-1998-movie/
Karmegam (2002),/karmegam-2002-movie/
Mirugam (2007),/mirugam-2007-movie/
Kanaa Kanden (2005),/kanaa-kanden-2005-movie/
Ragalaipuram (2013),/ragalaipuram-2013-movie/
Arai Enn 305-il Kadavul (2008),/arai-enn-305-il-kadavul-2008-movie/
Mirattal (2012),/mirattal-2012-movie/
Pennin Manathai Thottu (2000),/pennin-manathai-thottu-2000-movie/
Oru Kanniyum Moonu Kalavaanikalum (2014),/oru-kanniyum-moonu-kalavaanikalum-2014-movie/
Thirumagan (2007),/thirumagan-2007-movie/
Raja Raja Cholan (1973),/raja-raja-cholan-1973-movie/
Kamaraj (2004),/kamaraj-2004-movie/
Server Sundaram (1964),/server-sundaram-1964-movie/
Kadal (2013),/kadal-2013-movie/
Athey Kangal (1967),/athey-kangal-1967-movie/
Solla Marantha Kathai (2002),/solla-marantha-kathai-2002-movie/
Ratha Kaneer (1954),/ratha-kaneer-1954-movie/
Enakkoru Magan Pirappan (1996),/enakkoru-magan-pirappan-1996-movie/
Kadalikka Neramillai (1964),/kadalikka-neramillai-1964-movie/
Ponmaalai Pozhudhu (2013),/ponmaalai-pozhudhu-2013-movie/
Neer Paravai (2012),/neer-paravai-2012-movie/
Kadhal Sugamanathu (2001),/kadhal-sugamanathu-2001-movie/
Poo (2008),/poo-2008-movie/
Irumbu Kottai Murattu Singam (2010),/irumbu-kottai-murattu-singam-2010-movie/
Kazhugu (2012),/kazhugu-2012-movie/
Viralukketha Veekkam (1999),/viralukketha-veekkam-1999-movie/
Saattai (2012),/saattai-2012-movie/
Sindhu Samaveli (2010),/sindhu-samaveli-2010-movie/
Chandra (2013),/chandra-2013-movie/
Markandeyan (2011),/markandeyan-2011-movie/
Kullanari Koottam (2011),/kullanari-koottam-2011-movie/
Majunu (2001),/majunu-2001-movie/
Arputha Theevu (2007),/arputha-theevu-2007-movie/
Kottai Mariamman (2001),/kottai-mariamman-2001-movie/
Sri Bannari Amman (2002),/sri-bannari-amman-2002-movie/
Veppam (2011),/veppam-2011-movie/
Joot (2004),/joot-2004-movie/
Chidambarathil Oru Appasamy (2005),/chidambarathil-oru-appasamy-2005-movie/
Bambara Kannaley (2005),/bambara-kannaley-2005-movie/
Jithan (2005),/jithan-2005-movie/
Aayirathil Oruvan (2010),/aayirathil-oruvan-tamil-movie-moviesda-page/
Chithiram Pesuthadi (2006),/chithiram-pesuthadi-2006-movie/
Ambasamudram Ambani (2010),/ambasamudram-ambani-2010-movie/
Kicha Vayasu 16 (2005),/kicha-vayasu-16-2005-movie/
Oru Thayin Sabhatham (1987),/oru-thayin-sabhatham-1987-movie/
Patti Sollai Thattathe (1988),/patti-sollai-thattathe-1988-movie/
Indiralogathil Na Azhagappan (2008),/indiralogathil-na-azhagappan-2008-movie/
Ithayathai Thirudathey (1989),/ithayathai-thirudathey-1989-movie/
Veerappu (2007),/veerappu-2007-movie/
Pallikoodam (2007),/pallikoodam-2007-movie/
Pasupathi co Rasakkapalayam (2007),/pasupathi-co-rasakkapalayam-2007-movie/
Eppadi Manasukkul Vandhai (2012),/eppadi-manasukkul-vandhai-2012-movie/
Kadhal Desam (1996),/kadhal-desam-1996-movie/
Thadayara Thakka  (2012),/thadayara-thakka-2012-movie/
Ninaithale Inikkum  (2009),/ninaithale-inikkum-2009-movie/
Vaagai Sooda Vaa (2011),/vaagai-sooda-vaa-2011-movie/
Adigaram 79 (2012),/adigaram-79-2012-movie/
ABCD (2005),/abcd-2005-movie/
Aan Paavam (1985),/aan-paavam-1985-movie/
Ammavin Kaipesi (2012),/ammavin-kaipesi-2012-movie/
Agni Sakshi (1982),/agni-sakshi-1982-movie/
Aaravadhu Vanam (2011),/aaravadhu-vanam-2011-movie/
Ammu Kolai Vazhakku (2012),/ammu-kolai-vazhakku-2012-movie/
Varnajalam (2004),/varnajalam-2004-movie/
Kadhal FM (2005),/kadhal-fm-2005-movie/
Kanna Laddu Thinna Aasaiya (2013),/kanna-laddu-thinna-aasaiya-2013-movie/
Anandha Thandavam (2009),/anandha-thandavam-2009-movie/
New (2004),/new-2004-movie/
Kalvanin Kadhali (2006),/kalvanin-kadhali-2006-movie/
Palayathu Amman (2000),/palayathu-amman-2000-movie/
Killadi Mappillai (1994),/killadi-mappillai-1994-movie/
Pandi (2008),/pandi-2008-movie/
Selvandhan (2005),/selvandhan-2005-movie/
Mayandi Kudumbathar (2009),/mayandi-kudumbathar-2009-movie/
Theeradha Vilaiyattu Pillai (2010),/theeradha-vilaiyattu-pillai-2010-movie/
Karmegham (2002),/karmegham-2002-movie/
Selvam (2005),/selvam-2005-movie/
Sutta Kadhai (2013),/sutta-kadhai-2013-movie/
Super (2005),/super-2005-movie/
Sembatti (2013),/sembatti-2013-movie/
Sevarkkodi (2012),/sevarkkodi-2012-movie/
Sevvel (2005),/sevvel-2005-movie/
Sindhu Nathi Poo (1994),/sindhu-nathi-poo-1994-movie/
Singakottai (2011),/singakottai-2011-movie/
Sollathaan Ninaikkiren (1973),/sollathaan-ninaikkiren-1973-movie/
Sindhamal Sitharamal (2003),/sindhamal-sitharamal-2003-movie/
Manathodu Mazhaikalam (2006),/manathodu-mazhaikalam-2006-movie/
Sivangi (2011),/sivangi-2011-movie/
Sooriya Nagaram (2012),/sooriya-nagaram-2012-movie/
Summa Nachunu Irukku (2013),/summa-nachunu-irukku-2013-movie/
Raja Pokkiri Raja (2010),/raja-pokkiri-raja-2010-movie/
Vasantham Vanthachu (2007),/vasantham-vanthachu-2007-movie/
Ram Charan (2012),/ram-charan-2012-movie/
Raman Abdullah (1997),/raman-abdullah-1997-movie/
Manjapai (2014),/manjapai-2014-movie/
Mannaru (2012),/mannaru-2012-movie/
TN 07 AL 4777 (2009),/tn-07-al-4777-2009-movie/
Thulli Thirintha Kaalam (1998),/thulli-thirintha-kaalam-1998-movie/
Thambikottai (2011),/thambikottai-2011-movie/
The Dirty Picture (2011),/the-dirty-picture-2011-movie/
Thulli Vilayadu (2013),/thulli-vilayadu-2013-movie/
Thulli Ezhunthathu Kadhal (2013),/thulli-ezhunthathu-kadhal-2013-movie/
Pokkisham (2009),/pokkisham-2009-movie/
Thaka Thimi Tha (2005),/thaka-thimi-tha-2005-movie/
Thathi Thavuthu Manasu (2003),/thathi-thavuthu-manasu-2003-movie/
Thalaivan (2014),/thalaivan-2014-movie/
Nammavar (1994),/nammavar-1994-movie/
Thambi Vettothi Sundaram (2011),/thambi-vettothi-sundaram-2011-movie/
Tiger Viswa (2011),/tiger-viswa-2011-movie/
Time (1999),/time-1999-movie/
Thirumathi Oru Vegumathi (1987),/thirumathi-oru-vegumathi-1987-movie/
180 Rules Kidaiyathu (2011),/180-rules-kidaiyathu-2011-movie/
Pidichirukku (2008),/pidichirukku-2008-movie/
Maathi Yosi (2010),/maathi-yosi-2010-movie/
Madhu (2006),/madhu-2006-movie/
Madhubaanakadai (2012),/madhubaanakadai-2012-movie/
Magalir Mattum (1994),/magalir-mattum-1994-movie/
Mahaan Kanakku (2011),/mahaan-kanakku-2011-movie/
Oru Thalai Raagam (1980),/oru-thalai-raagam-1980-movie/
Rail Payanangalil (1981),/rail-payanangalil-1981-movie/
Mythili Ennai Kaathali (1986),/mythili-ennai-kaathali-1986-movie/
Kaadu (2014),/kaadu-2014-movie/
Kaatrulla Varai (2005),/kaatrulla-varai-2005-movie/
Kabadam (2014),/kabadam-2014-movie/
Kadhalai Thavira Veru Ondrum Illai (2014),/kadhalai-thavira-veru-ondrum-illai-2014-movie/
Enna Satham Indha Neram (2014),/enna-satham-indha-neram-2014-movie/
Uravai Kaatha Kili (1984),/uravai-kaatha-kili-1984-movie/
Uyirullavarai Usha (1983),/uyirullavarai-usha-1983-movie/
Ragam Thedum Pallavi (1982),/ragam-thedum-pallavi-1982-movie/
Sabash Babu (1993),/sabash-babu-1993-movie/
Hyper (2016),/hyper-2016-movie/
Thaye Neeye Thunai (1987),/thaye-neeye-thunai-1987-movie/
Nenjil Oru Raagam (1982),/nenjil-oru-raagam-1982-movie/
Pasamulla Pandiyare (1997),/pasamulla-pandiyare-1997-movie/
Vetrivel Sakthivel (2005),/vetrivel-sakthivel-2005-movie/
En Rasavin Manasile (1991),/en-rasavin-manasile-1991-movie/
Ellame En Rasathan (1995),/ellame-en-rasathan-1995-movie/
Jairam (2004),/jairam-2004-movie/
Nenjirukkum Varai (2006,/nenjirukkum-varai-tamil-movie-moviesda/
Solaiyamma (1992),/solaiyamma-1992-movie/
Kadhal Mannan (1998),/kadhal-mannan-1998-movie/
Marumugam (2014),/marumugam-2014-movie/
Agathiyar (1972),/agathiyar-1972-movie/
Mayanginen Thayanginen (2012),/mayanginen-thayanginen-2012-movie/
En Purushan Kuzhanthai Mathiri (2001),/en-purushan-kuzhanthai-mathiri-2001-movie/
Ayyanar (2010),/ayyanar-2010-movie/
Kattradhu Kalavu (2010),/kattradhu-kalavu-2010-movie/
Bramman (2014),/bramman-2014-movie/
Kuraiondrumillai (2014),/kuraiondrumillai-2014-movie/
Kunguma Poovum Konjum Puravum (2009),/kunguma-poovum-konjum-puravum-2009-movie/
Amman Kovil Vaasalile (1996),/amman-kovil-vaasalile-1996-movie/
Chithirayil Nilachoru (2013),/chithirayil-nilachoru-2013-movie/
Thirudan Police (2014),/thirudan-police-2014-movie/
Mandhira Punnagai (2010),/mandhira-punnagai-2010-movie/
Varmam (2012),/varmam-2012-movie/
Jayam Kondaan (2008),/jayam-kondaan-2008-movie/
Student Number 1 (2001),/student-number-1-2001-movie/
Engal Swamy Ayyappan (1990),/engal-swamy-ayyappan-1990-movie/
Karuppu Roja (1996),/karuppu-roja-1996-movie/
Muthal Vasantham (1986),/muthal-vasantham-1986-movie/
Karuthamma (1994),/karuthamma-1994-movie/
Thamizhachi (1995),/thamizhachi-1995-movie/
Karisakattu Poove (2000),/karisakattu-poove-2000-movie/
Veettoda Mappillai (2001),/veettoda-mappillai-2001-movie/
Chinna Mani (1995),/chinna-mani-1995-movie/
Varavu Ettana Selavu Pathana (1994),/varavu-ettana-selavu-pathana-1994-movie/
Pass Mark (1993),/pass-mark-1993-movie/
Paravaigal Palavitham (1988),/paravaigal-palavitham-1988-movie/
Maya Bazaar (1995),/maya-bazaar-1995-movie/
Thadayam (1997),/thadayam-1997-movie/
Viswanathan Ramamoorthy (2001),/viswanathan-ramamoorthy-2001-movie/
Amma Pillai (1990),/amma-pillai-1990-movie/
Padai Veetu Amman (2001),/padai-veetu-amman-2001-movie/
Sri Raja Rajeshwari (2001),/sri-raja-rajeshwari-2001-movie/
Pulanaivuthurai (1990),/pulanaivuthurai-1990-movie/
Adhikari (1991),/adhikari-1991-movie/
Thuraimugam (1996),/thuraimugam-1996-movie/
Asuran (1995),/asuran-1995-movie/
Parijatham (2006),/parijatham-2006-movie/
Periyar (2007),/periyar-2007-movie/
Eppadi Manasukkul Vanthai (2012),/eppadi-manasukkul-vanthai-2012-movie/
Agam Puram (2010),/agam-puram-2010-movie/
Palaivana Solai (1981),/palaivana-solai-1981-movie/
Vambu Sandai (2008),/vambu-sandai-2008-movie/
Kokki (2006),/kokki-2006-movie/
Pattalam (2009),/pattalam-2009-movie/
Adhe Neram Adhe Idam (2009),/adhe-neram-adhe-idam-2009-movie/
Kadhalna Summa Illai (2009),/kadhalna-summa-illai-2009-movie/
Indira (1995),/indira-1995-movie/
Violence (2019),/violence-2019-movie/
Maanik (2019),/maanik-2019-movie/
Veeramum Eeramum (2007),/veeramum-eeramum-2007-movie/
Rajayogam (2005),/rajayogam-2005-movie/
Natpadhigaram 79 (2016),/natpadhigaram-79-2016-movie/
Kaathal Ithu Kaathal (2018),/kaathal-ithu-kaathal-2018-movie/
Little John (2001),/little-john-2001-movie/
Indira Vizha (2009),/indira-vizha-2009-movie/
Uyir (2006),/uyir-2006-movie/
Vedikkai En Vadikkai (1990),/vedikkai-en-vadikkai-1990-movie/
Inba (2008),/inba-2008-movie/
Penmani Aval Kanmani (1988),/penmani-aval-kanmani-1988-movie/
Sakalakala Sambandhi (1989),/sakalakala-sambandhi-1989-movie/
Manal Kayiru (1982),/manal-kayiru-1982-movie/
Mappilai Sir (1988),/mappilai-sir-1988-movie/
Kudumbam Oru Kadambam (1981),/kudumbam-oru-kadambam-1981-movie/
Meendum Savithri (1996),/meendum-savithri-1996-movie/
Veeran (2007),/veeran-2007-movie/
Urimai Oonjaladugiradhu (1992),/urimai-oonjaladugiradhu-1992-movie/
Vai Sollil Veeranadi (1984),/vai-sollil-veeranadi-1984-movie/
Oorukku Upadesam (1984),/oorukku-upadesam-1984-movie/
Varavu Nalla Uravu (1990),/varavu-nalla-uravu-1990-movie/
Nanayam illatha Nanayam (1984),/nanayam-illatha-nanayam-1984-movie/
Cheran Pandiyan (1991),/cheran-pandiyan-1991-movie/
Chidambara Rahasiyam (1985),/chidambara-rahasiyam-1985-movie/
Koodal Nagar (2007),/koodal-nagar-2007-movie/
Kanden (2010),/kanden-2010-movie/
Bagavathi (2002),/bagavathi-2002-movie/
Adutha Veedu (1986),/adutha-veedu-1986-movie/
Palakkattu Madhavan (2015),/palakkattu-madhavan-2015-movie/
Ejamaan (1993) (Remastered Version),/ejamaan-1993-remastered-version-movie/
Onbadhula Guru (2013),/onbadhula-guru-2013-movie/
Guru Sishyan (2010),/guru-sishyan-2010-movie/
Megam Karuthirukku (1987),/megam-karuthirukku-1987-movie/
Kovil Mani Osai (1988),/kovil-mani-osai-1988-movie/
Thai Pongal (1980),/thai-pongal-1980-movie/
Aranmanai Kili (1993),/aranmanai-kili-1993-movie/
Kavalan Avan Kovalan (1987),/kavalan-avan-kovalan-1987-movie/
Seevalaperi Pandi (1994),/seevalaperi-pandi-1994-movie/
Rajali (1996),/rajali-1996-movie/
Marakka Matten (1986),/marakka-matten-1986-movie/
Naan Pudicha Mappillai (1991),/naan-pudicha-mappillai-1991-movie/
Santhosh Subramaniam (2008),/santhosh-subramaniam-2008-movie/
Kaavalan (2011),/kaavalan-2011-movie/
Aadhalal Kadhal Seiveer (2013),/aadhalal-kadhal-seiveer-2013-movie/
Kalikaalam (1992),/kalikaalam-1992-movie/
Solo (2011),/solo-2011-movie/
Ponniyin Selvan (2005),/ponniyin-selvan-2005-movie/
Laadam (2009),/laadam-2009-movie/
Lee (2007),/lee-2007-movie/
Sadhu Miranda (2008),/sadhu-miranda-2008-movie/
Udhayan (2011),/udhayan-2011-movie/
7 Aum Arivu (2011),/7-aum-arivu-2011-movie/
Kasethan Kadavulada (1972),/kasethan-kadavulada-1972-movie/
Deiva Thirumagal (2011),/deiva-thirumagal-2011-movie/
Appuchi Gramam (2014),/appuchi-gramam-2014-movie/
Singam 3 (2017),/singam-3-2017-movie/
Koodi Vazhnthal Kodi Nanmai (2000),/koodi-vazhnthal-kodi-nanmai-2000-movie/
Pardes (1997),/pardes-1997-movie/
Roja (1992),/roja-1992-movie/
Racha (2012),/racha-2012-movie/
1 Pandhu 4 Run 1 Wicket (2014),/1-pandhu-4-run-1-wicket-2014-movie/
Nanjupuram (2011),/nanjupuram-2011-movie/
Kedi (Tamil) (2006),/kedi-tamil-2006-movie/
Inimey Ippadithan (2015),/inimey-ippadithan-2015-movie/
Manathil Uruthi Vendum (1987),/manathil-uruthi-vendum-1987-movie/
JK Enum Nanbanin Vaazhkai (2015),/jk-enum-nanbanin-vaazhkai-2015-movie/
Padikkadavan (2009),/padikkadavan-2009-movie/
Sundaattam (2013),/sundaattam-2013-movie/
Oru Kal Oru Kannadi (2011),/oru-kal-oru-kannadi-2011-movie/
Rajadhi Raja (2009),/rajadhi-raja-2009-movie/
Muthal Seethanam (1992),/muthal-seethanam-1992-movie/
Pattam Pole Tamil (2013),/pattam-pole-tamil-2013-movie/
Siddu Plus 2 (+2) (2010),/siddu-plus-2-2-2010-movie/
Pournami Alaigal (1985),/pournami-alaigal-1985-movie/
Aayirathil Oruvan  (2010),/aayirathil-oruvan-2010-movie/
Sangamam (1999),/sangamam-1999-movie/
Murattu Thambi (2018),/murattu-thambi-2018-movie/
Thimiran (2016),/thimiran-2016-movie/
6 Candles (2013),/6-candles-2013-movie/
Uriyadi (2016),/uriyadi-2016-movie/
Nallavanukku Nallavan (1984),/nallavanukku-nallavan-1984-movie/
Vasanthakala Paravai (1991),/vasanthakala-paravai-1991-movie/
Inaintha Kaigal (1990),/inaintha-kaigal-1990-movie/
Super Police (2013),/super-police-2013-movie/
Moondrezhuthil En Moochirukkum (1991),/moondrezhuthil-en-moochirukkum-1991-movie/
Pathavipramanam (1994),/pathavipramanam-1994-movie/
Dookudu (2011),/dookudu-2011-movie/
Aagadu (2014),/aagadu-2014-movie/
Thiru Thiru Thuru Thuru (2009),/thiru-thiru-thuru-thuru-2009-movie/
Mundasupatti (2014),/mundasupatti-2014-movie/
Kizhakku Cheemayile (1993),/kizhakku-cheemayile-1993-movie/
Kanchana 2 Muni 3 (2015),/kanchana-2-muni-3-2015-movie/
All in All Azhagu Raja (2013),/all-in-all-azhagu-raja-2013-movie/
Attakathi (2012),/attakathi-2012-movie/
Naveena Saraswathi Sabatham (2013),/naveena-saraswathi-sabatham-2013-movie/
Chennaieil Oru Naal (2013),/chennaieil-oru-naal-2013-movie/
Vetri Kodi Kattu (2000),/vetri-kodi-kattu-2000-movie/
Panchamukhi (2010),/panchamukhi-2010-movie/
Robin Hood Prince of Thieves (2009),/robin-hood-prince-of-thieves-2009-movie/
Tiger (2015),/tiger-2015-movie/
Keladi Kanmani (1990),/keladi-kanmani-1990-movie/
Irumbukkottai Murattu Singam (2010),/irumbukkottai-murattu-singam-2010-movie/
One Way Ticket (2008),/one-way-ticket-2008-movie/
Maalai Pozhudhin Mayakathilaey (2012),/maalai-pozhudhin-mayakathilaey-2012-movie/
Sigaram (1991),/sigaram-1991-movie/
Vallinam (2014),/vallinam-2014-movie/
Jigarthanda (2014),/jigarthanda-2014-movie/
Pakal Nakshatrangal (2008),/pakal-nakshatrangal-2008-movie/
Praptham (1971),/praptham-1971-movie/
Paradesi (2013),/paradesi-2013-movie/
Raja Muthirai (1994),/raja-muthirai-1994-movie/
Antha Rathirikku Satchi Illai (1982),/antha-rathirikku-satchi-illai-1982-movie/
Ethirum Puthirum (1999),/ethirum-puthirum-1999-movie/
Seethamma Vakitlo Sirimalle Chettu (2013),/seethamma-vakitlo-sirimalle-chettu-2013-movie/
Maaveeran (2009),/maaveeran-2009-movie/
Iruvar (1997),/iruvar-1997-movie/
Paadu Nilave (1987),/paadu-nilave-1987-movie/
Thenaliraman (2014),/thenaliraman-2014-movie/
Raavanan (2010),/raavanan-2010-movie/
Inga Enna Solluthu (2014),/inga-enna-solluthu-2014-movie/
Jagathala Prathapan (1990),/jagathala-prathapan-1990-movie/
Lion (2015),/lion-2015-movie/
Payanangal Mudivathillai (1982),/payanangal-mudivathillai-1982-movie/
Idhu Oru Thodar Kathai (1987),/idhu-oru-thodar-kathai-1987-movie/
Aaha Kalyanam (2014),/aaha-kalyanam-2014-movie/
Vaamanan (2009),/vaamanan-2009-movie/
Paatti Sollai Thattathey (1988),/paatti-sollai-thattathey-1988-movie/
Vaa Quarter Cutting (2010),/vaa-quarter-cutting-2010-movie/
Nenjirukkum Varai (2006),/nenjirukkum-varai-2006-movie/
Parthiban Kanavu (1960),/parthiban-kanavu-1960-movie/
Thanga Pathakkam (1974),/thanga-pathakkam-1974-movie/
Dindigul Sarathi (2008),/dindigul-sarathi-2008-movie/
Vaa Arugil Vaa (1991),/vaa-arugil-vaa-1991-movie/
Ellame En Kadhali (1995),/ellame-en-kadhali-1995-movie/
Sundara Purushan (1996),/sundara-purushan-1996-movie/
Aaranya Kaandam (2010),/aaranya-kaandam-2010-movie/
Varushamellam Vasantham (2002),/varushamellam-vasantham-2002-movie/
Saroja (2008),/saroja-2008-movie/
Thanga Meengal (2014),/thanga-meengal-2014-movie/
Un Samayal Arayil (2014),/un-samayal-arayil-2014-movie/
Poove Poochudava (1985),/poove-poochudava-1985-movie/
Kaadhal Solla Vandhen (2010),/kaadhal-solla-vandhen-2010-movie/
Demonte Colony (2015),/demonte-colony-2015-movie/
Eeram (2009),/eeram-2009-movie/
Aayudham Seivom (2008),/aayudham-seivom-2008-movie/
Panivizhum Malarvanam (2014),/panivizhum-malarvanam-2014-movie/
Abhiyum Naanum (2008),/abhiyum-naanum-2008-movie/
Aadukalam (2011),/aadukalam-2011-movie/
Maya (2015),/maya-2015-movie/
Sigaram Thodu (2014),/sigaram-thodu-2014-movie/
Baana Kaathadi (2010),/baana-kaathadi-2010-movie/
Mynaa (2010),/mynaa-2010-movie/
Ya Ya (2013),/ya-ya-2013-movie/
Amara Kaaviyam (2014),/amara-kaaviyam-2014-movie/
Punnagai Desam (2002),/punnagai-desam-2002-movie/
Nalanum Nandhiniyum (2014),/nalanum-nandhiniyum-2014-movie/
Mouna Guru (2011),/mouna-guru-2011-movie/
Velli Thirai (2003),/velli-thirai-2003-movie/
Irumbu Kuthirai (2014),/irumbu-kuthirai-2014-movie/
Arima Nambi (2014),/arima-nambi-2014-movie/
Thegidi (2014),/thegidi-2014-movie/
Angadi Theru (2010),/angadi-theru-2010-movie/
Thagaraaru (2013),/thagaraaru-2013-movie/
Aravaan (2012),/aravaan-2012-movie/
Kannum Kannum (2008),/kannum-kannum-2008-movie/
Vallavanukku Pullum Aayudham (2014),/vallavanukku-pullum-aayudham-2014-movie/
Yaaruda Mahesh (2014),/yaaruda-mahesh-2014-movie/
Tamiluku En Ondrai Aluthavum (2015),/tamiluku-en-ondrai-aluthavum-2015-movie/
Muthukku Muthaga (2011),/muthukku-muthaga-2011-movie/
Pisaasu (2014),/pisaasu-2014-movie/
Annakodi (2013),/annakodi-2013-movie/
Moodar Koodam (2013),/moodar-koodam-2013-movie/
Unnale Unnale (2007),/unnale-unnale-2007-movie/
Ambuli (2012),/ambuli-2012-movie/
Kirumi (2015),/kirumi-2015-movie/
Masani (2013),/masani-2013-movie/
Veyil (2006),/veyil-2006-movie/
Goripalayam (2010),/goripalayam-2010-movie/
Varuthapadatha Valibar Sangam (2013),/varuthapadatha-valibar-sangam-2013-movie/
Vellaikaara Durai (2014),/vellaikaara-durai-2014-movie/
Aval Peyar Tamilarasi (2009),/aval-peyar-tamilarasi-2009-movie/
Yuddham Sei (2011),/yuddham-sei-2011-movie/
Madha Yaanai Koottam (2013),/madha-yaanai-koottam-2013-movie/
Purantha Veeda Pukanda Veeda (1993),/purantha-veeda-pukanda-veeda-1993-movie/
Pongalo Pongal (1997),/pongalo-pongal-1997-movie/
Veerasamy (2007),/veerasamy-2007-movie/
Ratchagan (1997),/ratchagan-1997-movie/
Engeyum Eppodhum (2011),/engeyum-eppodhum-2011-movie/
Mozhi (2007),/mozhi-2007-movie/
Punnagai Poove (2003),/punnagai-poove-2003-movie/
Azhagai Irukkirai Bayamai Irukkirathu (2006),/azhagai-irukkirai-bayamai-irukkirathu-2006-movie/
Idhu Kathirvelan Kadhal (2014),/idhu-kathirvelan-kadhal-2014-movie/
Gouravam (2013),/gouravam-2013-movie/
Megha (2014),/megha-2014-movie/
Maalai Pozhuthin Mayakathil (2012),/maalai-pozhuthin-mayakathil-2012-movie/
Vamsam (2010),/vamsam-2010-movie/
Nandalala (2010),/nandalala-2010-movie/
Iyarkai (2003),/iyarkai-2003-movie/
Pudhu Pettai (2006),/pudhu-pettai-2006-movie/
Drohi (2010),/drohi-2010-movie/
Vikram (1986),/vikram-1986-movie/
Munthanai Mudichu (1983),/munthanai-mudichu-1983-movie/
Uyire (1998),/uyire-1998-movie/
Ponnumani (1993),/ponnumani-1993-movie/
Thaandavam (2012),/thaandavam-2012-movie/
Kaadhal Kondein (2003),/kaadhal-kondein-2003-movie/
Subramaniapuram (2008),/subramaniapuram-2008-movie/
Vedalam (2015),/vedalam-2015-movie/
Ananthapurathu Veedu (2010),/ananthapurathu-veedu-2010-movie/
Darling (2015),/darling-2015-movie/
Thirumanam Enum Nikkah (2014),/thirumanam-enum-nikkah-2014-movie/
Kaadhal (2004),/kaadhal-2004-movie/
Nagaraja Cholan MA MLA (2013),/nagaraja-cholan-ma-mla-2013-movie/
Polladhavan (1980),/polladhavan-1980-movie/
Virumaandi (2004),/virumaandi-2004-movie/
Thalapathi (1991),/thalapathi-1991-movie/
Ishqiya (2010),/ishqiya-2010-movie/
John Day (2013),/john-day-2013-movie/
Sumai Thangi (1962),/sumai-thangi-1962-movie/
Thaalam (1999),/thaalam-1999-movie/
Poovellam Un Vaasam (2001),/poovellam-un-vaasam-2001-movie/
Vaayai Moodi Pesavum (2014),/vaayai-moodi-pesavum-2014-movie/
Jilla (2014),/jilla-2014-movie/
Kalakalappu (2012),/kalakalappu-2012-movie/
Maattrraan (2012),/maattrraan-2012-movie/
Kuruvi (2008),/kuruvi-2008-movie/
Madrasapattinam (2010),/madrasapattinam-2010-movie/
7aum Arivu (2011),/7aum-arivu-2011-movie/
Vaaranam Aayiram (2008) (Org),/vaaranam-aayiram-2008-org-movie/
Paiyaa (2010),/paiyaa-2010-tamil-movie/
Jeans (1998),/jeans-1998-tamil-movie/
Vaada (2010),/vaada-2010-tamil-movie/
Peranmai (2009),/peranmai-2009-tamil-movie/
Thiruthani (2012),/thiruthani-2012-tamil-movie/
Dasavathaaram (2008),/dasavathaaram-2008-tamil-movie/
Ra One (2011),/ra-one-2011-tamil-movie/
Uzhaippali (1993),/uzhaippali-1993-tamil-movie/
Sivappu Sooriyan (1983),/sivappu-sooriyan-1983-tamil-movie/
Pannaiyarum Padminiyum (2014),/pannaiyarum-padminiyum-2014-tamil-movie/
Pokkiri (2007),/pokkiri-2007-tamil-movie/
Maan Karate (2014),/maan-karate-2014-tamil-movie/
Arunachalam (1997),/arunachalam-1997-tamil-movie/
Raja Rani (2013),/raja-rani-2013-tamil-movie/
Pushpa (2021),/pushpa-2021-tamil-movie/
Deepavali (2007),/deepavali-2007-tamil-movie/
Sivaji (2007),/sivaji-2007-tamil-movie/
Massu Engira Masilamani (2015),/massu-engira-masilamani-2015-tamil-movie/
Alex Pandian (2013),/alex-pandian-2013-tamil-movie/
Dass (2005),/dass-2005-movie/
Minsara Kanavu (1997),/minsara-kanavu-1997-movie/
Unnai Ninaithu (2002),/unnai-ninaithu-2002-movie/
Oru Naal Oru Kanavu (2005),/oru-naal-oru-kanavu-2005-movie/
Thamizh Padam (2010),/thamizh-padam-2010-movie/
En Purushanthaan Enakku Mattumthaan (1989),/en-purushanthaan-enakku-mattumthaan-1989-movie/
Arundhati (2009),/arundhati-2009-movie/
Kalathur Kannamma (1960),/kalathur-kannamma-1960-movie/
Unnai Thedi (1999),/unnai-thedi-1999-movie/
En Purushan Kuzhandhai Maadhiri (2001),/en-purushan-kuzhandhai-maadhiri-2001-movie/
Anniyan (2005),/anniyan-2005-movie/
Vettai (2012),/vettai-2012-movie/
Padikathavan (2009),/padikathavan-2009-movie/
Naanum Rowdy Dhaan (2015),/naanum-rowdy-dhaan-2015-movie/
Goa (2010),/goa-2010-movie/
Salangai Oli (1983),/salangai-oli-1983-movie/
Mundasupatti (2015),/mundasupatti-2015-movie/
Kabali (2016),/kabali-2016-movie/
Mettukudi (1996),/mettukudi-1996-movie/
Velayudham (2011),/velayudham-2011-movie/
12 B (2001),/12-b-2001-movie/
Maruthu (2016),/maruthu-2016-movie/
Kanchana (2011),/kanchana-2011-movie/
Kanchana 2 (2015),/kanchana-2-2015-movie/
Muni (2007),/muni-2007-movie/
Sachein (2005),/sachein-2005-movie/
Kadhalan (1994),/kadhalan-1994-movie/
Aranmanai (2014),/aranmanai-2014-movie/
Aranmanai 3 (2021),/aranmanai-3-tamil-movie-moviesda/
Vaaranam Aayiram (2008),/vaaranam-aayiram-2008-movie/
Ettupatti Rasa (1997),/ettupatti-rasa-1997-movie/
Kaakha Kaakha (2003),/kaakha-kaakha-2003-movie/
Baashha (1995),/baashha-tamil-movie-moviesda/
Neram (2013),/neram-2013-movie/
Bajirao Mastani (2015),/bajirao-mastani-2015-movie/
Nanban (2012),/nanban-2012-movie/
Nannbenda (2015),/nannbenda-2015-movie/
Uttama Villain (2015),/uttama-villain-2015-movie/
Kaala (2018),/kaala-tamil-movie-moviesda/
Padmaavat (2018),/padmaavat-tamil-movie-moviesda/
Nayakan (1987),/nayakan-tamil-movie-moviesda/
Samar (2013),/samar-tamil-movie-moviesda/
Vettaiyaadu Vilaiyaadu (2006),/vettaiyaadu-vilaiyaadu-2006-movie/
Kodai Mazhai (1986),/kodai-mazhai-1986-movie/
Kai Kodukkum Kai (1984),/kai-kodukkum-kai-1984-movie/
Trisha Illana Nayanthara (2015),/trisha-illana-nayanthara-2015-movie/
Mr Bharath (1986),/mr-bharath-1986-movie/
Sasanam (2006),/sasanam-2006-movie/
Naan (2012),/naan-2012-movie/
Bombay (1995),/bombay-1995-movie/
Salim (2014),/salim-2014-movie/
Apoorva Sagodharargal (1989),/apoorva-sagodharargal-tamil-movie-moviesda/
Ramanaa (2002),/ramanaa-2002-movie/
Naan Ee (2012),/naan-ee-2012-movie/
Aravaan (2011),/aravaan-2011-movie/
Madras (2014),/madras-2014-movie/
Samurai (2002),/samurai-2002-movie/
Anegan (2015),/anegan-2015-movie/
Mapla Singam (2016),/mapla-singam-2016-movie/
Vathikuchi (2013),/vathikuchi-2013-movie/
Karakattakkaran (1989),/karakattakkaran-1989-movie/
Sarvam Thaala Mayam (2018),/sarvam-thaala-mayam-2018-movie/
Pudhupettai (2006),/pudhupettai-2006-movie/
Muthal Mariyathai (1985),/muthal-mariyathai-1985-movie/
Naanayam (2010),/naanayam-2010-movie/
Thee (1981),/thee-1981-movie/
Thullatha Manamum Thullum (1999),/thullatha-manamum-thullum-1999-movie/
Aviyal (2016),/aviyal-2016-movie/
Raja (1972),/raja-1972-movie/
Kanthaswamy (2009),/kanthaswamy-2009-movie/
Kadhal Azhivathillai (2002),/kadhal-azhivathillai-2002-movie/
Yaamirukka Bayamey (2014),/yaamirukka-bayamey-2014-movie/
Winner (2003),/winner-2003-movie/
Bangalore Naatkal (2016),/bangalore-naatkal-tamil-movie-moviesda/
Aadhavan (2009),/aadhavan-tamil-movie-moviesda/
Anbe Aaruyire (2005),/anbe-aaruyire-2005-movie/
War (2019),/war-2019-movie/
A Aa E Ee (2009),/a-aa-e-ee-2009-tamil-movie/
Jayam (2003),/jayam-tamil-movie-moviesda/
Iru Mugan (2016),/iru-mugan-tamil-movie-moviesda/
Remo (2016),/remo-tamil-movie-moviesda/
Parasakthi (1952),/parasakthi-tamil-movie-moviesda/
Baahubali (2015),/baahubali-2015-movie/
Baahubali 2 The Conclusion (2017),/baahubali-2-the-conclusion-2017-tamil-movie/
Vanaja Girija (1994),/vanaja-girija-1994-tamil-movie/
Kangalal Kaithu Sei (2004),/kangalal-kaithu-sei-2004-tamil-movie/
Samsaram Adhu Minsaram (1986),/samsaram-adhu-minsaram-1986-movie/
Sathyaa (1988),/sathyaa-1988-tamil-movie/
Magamuni (2019),/magamuni-2019-tamil-movie/
Rangasthalam (2018),/rangasthalam-2018-tamil-movie/
Kumki (2012),/kumki-2012-movie/
India Pakistan (2015),/india-pakistan-tamil-movie-moviesda/
Friends (2001),/friends-tamil-movie-moviesda/
Anjaan (2014),/anjaan-2014-movie/
One Day Justice Delivered (2019),/one-day-justice-delivered-2019-tamil-movie/
Kattappava Kanom (2017),/kattappava-kanom-2017-tamil-movie/
Leelai (2012),/leelai-2012-movie/
Thuppakki (2012),/thuppakki-2012-tamil-movie/
3G A Killer Connection (2013),/3g-a-killer-connection-2013-tamil-movie/
Aasai (1995) (Remastered),/aasai-1995-remastered-tamil-movie/
Idhu Ennoda Jilla (2018),/idhu-ennoda-jilla-2018-tamil-movie/
Vaaranam Aayiram (2008) (Remastered),/vaaranam-aayiram-2008-remastered-tamil-movie/
Boys (2003) (Remastered),/boys-2003-remastered-tamil-movie/
David (2013),/david-tamil-movie-moviesda/
Nenjukkul Neeye (2025),/nenjukkul-neeye-2025-tamil-movie/
Ghilli (2004),/ghilli-2004-tamil-movie/
Aandavan Kattalai (2016),/aandavan-kattalai-2016-tamil-movie-1/
Mayabazar (1957),/mayabazar-1957-tamil-movie/
Mouna Ragam (1986),/mouna-ragam-1986-movie/
Marina (2012),/marina-tamil-movie-moviesda/
Evano Oruvan (2007),/evano-oruvan-2007-tamil-movie/
Michael Madana Kama Rajan (1990),/michael-madana-kama-rajan-1990-tamil-movie/
Azhagiya Tamil Magan (2007),/azhagiya-tamil-magan-2007-tamil-movie/
Ghajini (2005),/ghajini-2005-tamil-movie/
Chellamay (2004),/chellamay-2004-tamil-movie/
Deva (2005),/deva-2005-tamil-movie/
Thalaivaa (2013),/thalaivaa-2013-movie/
Iraivi (2016),/iraivi-2016-tamil-movie-1/
Virumaandi (2005),/virumaandi-2005-tamil-movie/
Theri (2016),/theri-2016-movie/
Mankatha (2011),/mankatha-2011-movie/
Naalaiya Theerpu (1992),/naalaiya-theerpu-1992-tamil-movie/
Master (2021),/master-2021-tamil-movie/
Rhythm (2000),/rhythm-2000-tamil-movie/
Savaal (1981),/savaal-1981-tamil-movie-1/
Dumm Dumm Dumm (2001),/dumm-dumm-dumm-2001-tamil-movie/
Orange Mittai (2015),/orange-mittai-2015-tamil-movie-1/
Mudhalvan (1999),/mudhalvan-1999-tamil-movie/
Chocobar (2016),/chocobar-2016-tamil-movie/
Autograph (2004),/autograph-tamil-movie-moviesda/
Raam (2005),/raam-2005-tamil-movie-1/
Salaar (2023),/salaar-2023-tamil-movie/
Ennamma Kannu (2000),/ennamma-kannu-2000-tamil-movie/
KGF Chpater 2 (2022),/kgf-chpater-2-2022-tamil-movie/
Marudhamalai (2007),/marudhamalai-2007-tamil-movie/
Jai Hind (1994),/jai-hind-1994-tamil-movie/
Neranja Manasu (2004),/neranja-manasu-2004-tamil-movie-1/
Dubai (2001),/dubai-2001-tamil-movie/
Marco (2024),/marco-2024-tamil-movie/
Saadhu (1994),/saadhu-1994-tamil-movie/
Geethaiyin Raadhai (2016),/geethaiyin-raadhai-2016-tamil-movie/
Silambattam (2008),/silambattam-2008-movie/
3 (2012),/3-2012-tamil-movie/
Budget Padmanabhan (2000),/budget-padmanabhan-2000-tamil-movie/
Vallavan (2006),/vallavan-2006-tamil-movie-1/
Meesaya Murukku (2017),/meesaya-murukku-2017-tamil-movie/
Sundarapandian (2012),/sundarapandian-2012-tamil-movie/
Attahasam (2004),/attahasam-2004-tamil-movie/
Mounam Pesiyadhe (2002),/mounam-pesiyadhe-2002-movie/
Ellam Avan Seyal (2008),/ellam-avan-seyal-2008-movie/
Minnale (2001),/minnale-2001-tamil-movie/
12B (2001),/12b-2001-movie/
Manam Kothi Paravai (2012),/manam-kothi-paravai-2012-tamil-movie-1/
Yaaradi Nee Mohini (2008),/yaaradi-nee-mohini-2008-tamil-movie-1/
Enthiran (2010),/enthiran-2010-tamil-movie-1/
Nenjil Or Aalayam (1962),/nenjil-or-aalayam-1962-tamil-movie/
Varumayin Niram Sivappu (1980),/varumayin-niram-sivappu-1980-tamil-movie/
Soodhu Kavvum (2013),/soodhu-kavvum-2013-movie/
Aadhi Bhagavan (2013),/aadhi-bhagavan-2013-tamil-movie-1/
Sri Kanchi Kamatchi (1978),/sri-kanchi-kamatchi-1978-tamil-movie/
Em Magan (2006),/em-magan-2006-tamil-movie/
Thunivu (2023),/thunivu-2023-tamil-movie-1/
Ezhumalai (2002),/ezhumalai-2002-tamil-movie/
Muthu (1995),/muthu-1995-tamil-movie-1/
Middle Class Madhavan (2001),/middle-class-madhavan-2001-tamil-movie/
Velaikkaran (1987),/velaikkaran-1987-tamil-movie-1/
Dharma Durai (2016),/dharma-durai-2016-tamil-movie-1/
Saamy (2003),/saamy-2003-tamil-movie/
Saamy Square (2018),/saamy-square-2018-tamil-movie/
Sillunu Oru Kaadhal (2006),/sillunu-oru-kaadhal-2006-tamil-movie/
Sarkar (2018),/sarkar-2018-tamil-movie/
Neerparavai (2012),/neerparavai-2012-tamil-movie/
Shamitabh (2015),/shamitabh-2015-tamil-movie/
Moondram Pirai (1982),/moondram-pirai-1982-tamil-movie/
Kadhalar Dhinam (1999),/kadhalar-dhinam-1999-tamil-movie-1/
Dhool (2003),/dhool-2003-tamil-movie/
7G Rainbow Colony (2004),/7g-rainbow-colony-2004-movie/
Enakku 20 Unakku 18 (2003),/enakku-20-unakku-18-2003-tamil-movie/
Run (2002),/run-2002-tamil-movie/
Avvai Shanmugi (1996),/avvai-shanmugi-1996-tamil-movie/
Badri (2001),/badri-2001-tamil-movie/
